32.2692407993514;4.442545821464386;3.186638623560186;73.00349787160009;31.18780812712815;94.1329267610497;21.77371987621586;173.956824688738;18.3895331219166;142.1141888782358;50.49005732304803;27.6535969859047;15.02507867535549;89.39681729713165;23.27781015169182
168.6645322570778;3.938699400692524;16.65225315807004;64.72080807520574;163.0108324045572;83.45395791951604;113.8041014266871;154.221952050632;96.11680394820527;125.9915621229283;263.8968324942179;24.51605069819832;78.53021652730324;79.25554956609044;121.6667437467161
282.3349988018154;3.288546792775897;27.87597169595623;54.04053993696961;272.8714911513223;69.68128117908003;190.5024836266637;128.7699476295471;160.8946158056276;105.1986427132836;441.75039692217;20.47092959420754;131.4551029948081;66.17603454865161;203.6648085089651
200.0749437773769;3.434024040184462;19.75403341908506;56.42652193150182;193.3678029193051;72.75770416922605;134.998467686661;134.4563154532146;114.0164850785907;109.8435201737458;313.0431560951048;21.37467844616507;93.15497058677468;69.09771430224357;144.3251028153304
297.7251893438063;4.915641479546309;29.39481324064034;80.78168682859173;287.7455698086958;104.1622276634958;200.8869526197934;192.4923494107989;169.6641886869625;157.2562862628773;465.8311521963886;30.5999885295095;138.6214253217707;98.92281403531203;214.7658101434271
96.12635412498902;5.139748783114774;9.491493390664385;84.46394127423287;92.90421286871438;108.9103501519207;64.85994701395374;201.2658609499548;54.78010534216163;164.4244556446972;150.4025282747271;31.99473137015146;44.75717214061766;103.4311906615789;69.34177416170581
10.97485164901561;3.243708940266435;1.083813484452413;53.30788385316369;10.60718669605895;68.73747727983437;7.404943477787767;127.0268838502317;6.254660269359677;103.7743567642063;17.17147647201344;20.19319816661066;5.110650428155927;65.27942704509447;7.916627700747751
244.76074180121;4.077148663069608;24.1660453146865;66.99579832029227;236.556897206003;86.38702380433288;165.1494275768179;159.6420203379275;139.4818527422204;130.4189850849591;382.960954797124;25.37770747620676;113.9612202590148;82.04018865777574;176.560063951598
177.8274943733605;4.306831258248669;17.55758516639682;70.7809910184952;171.8661226992623;91.26766297518242;119.9865020238032;168.6619673255941;101.3387744296059;137.7885098288415;278.2341477899652;26.81194047954036;82.79621243246325;86.67615134100323;128.2765481792836
22.86438749886194;3.016238792575482;2.258122140999803;49.55991616092413;22.0980260908136;63.90488057905585;15.42774666796751;118.094613185153;13.02975626336111;96.47764544143206;35.77375104982134;18.77356246835113;10.64585669032378;60.68980767098696;16.49326198652171
108.3965889572861;2.733837145292623;10.70269172242963;44.92117568737914;104.762541437128;57.92245823500051;73.13914821856002;107.0409639248181;61.77235337615897;87.44705706454019;169.600602414173;17.01599304387123;50.46934939487814;55.00900230832043;78.19264042018391
111.0782876033926;1.896985414163076;10.96690401863734;31.16491272965897;107.3551803212217;40.18556441922169;74.94943169870049;74.26212043522112;63.30070100591095;60.66847969740856;173.7964236388156;11.80518159960045;51.7187564227843;38.16331977014275;80.12744985711603
244.2223478514866;4.906413930264749;24.11223960008673;80.62315014343407;236.0353223082021;103.9583441755688;164.7862216538728;192.115040080902;139.1749982827641;156.9483340517031;382.1178629750336;30.54057687454284;113.7098320631464;98.72857750903374;176.1708951419352
69.65421148028035;4.251992276392538;6.877409864538517;69.87779673664701;67.31986138780815;90.10225897195639;46.99868981024781;166.50947170494;39.69375695099263;136.0293472896913;108.9833799897766;26.46992688729763;32.43129375060854;85.57012785365509;50.24567247139098
13.24664504874488;4.66340379903939;1.308238759764312;76.64154871072149;12.80287154672937;98.82350486918732;8.938872869920846;182.6259608834023;7.549337389678709;149.1958652704713;20.72666596662469;29.03128621289871;6.167755381276771;93.85223809013603;9.556098173172423
106.3756872851637;2.638589007502316;10.5025185001299;43.35249842488454;102.8101092173625;55.90078190999042;71.77561083976458;103.3033845761962;60.62070438915821;84.39393886126604;166.4387217399;16.42267587179862;49.52849822720881;53.08799610393589;76.735463760974
115.7668060783841;4.797558462329119;11.4300016412913;78.8353347439118;111.8860531705312;101.653126439519;78.11185835916568;187.8550093497226;65.97153735488794;153.4672093574989;181.1313211086768;29.86304578063226;53.90077144391002;96.53965666383925;83.50863683099192
218.0157454822928;4.53982614476081;21.52553771972242;74.60095993099496;210.7073147830323;96.19347371999328;147.1033063343992;177.7637916244131;124.2406285907009;145.2235696579514;341.1139792334445;28.25897232204127;101.5084946702081;91.3534570882414;157.2674075790149
131.8916693319161;1.426373631426741;13.0217296250042;23.43331814797373;127.4709075629035;30.2154940239325;88.99231961531886;55.83784853684318;75.16145798561604;45.61708647803905;206.361491819129;8.876514698389816;61.40868236223498;28.69525653910796;95.14140929081519
136.8200527812613;2.430241997748011;13.50830600978724;39.92736862464733;132.2342999745073;51.48370344672973;92.31828377048518;95.14178983095755;77.96961664861499;77.72608541467505;214.0727931596626;15.12494221653856;63.70394607592772;48.89420305107411;98.69612757242956
208.8893728302425;4.798677874986735;20.62432170458785;78.85242129024802;201.8871752665654;101.6753970008824;140.9461016500474;187.8957341150038;119.0393569111545;153.501248241823;326.8353990981076;29.86975145619123;97.25895646189689;96.56011562739857;150.6833933623996
292.6555610043109;2.500978808435514;28.89493918854328;41.09891334349401;282.8451248228226;52.99419232339843;197.466145524379;97.9325367217896;166.7757238722256;80.00647707530534;457.8983920130707;15.56815908442608;136.2605928708654;50.32837313033302;211.1092371594248
224.8653276426591;4.629458783492827;22.20116564950442;76.07726655951596;217.3280336443203;98.09708035110773;151.7258660938379;181.2835437166518;128.1439541143541;148.0986899757897;351.8311248976739;28.81863624795915;104.6974611051767;93.16172636953425;162.2080810867212
79.65666285473309;3.151844041063278;7.864639544379287;51.78985594335907;76.98644277640581;66.77918715378615;53.74782823930452;123.406871217903;45.39436581817889;100.8168920339037;124.6330861892464;19.61806988002707;37.08789503473403;63.4198247395119;57.46057272345064
265.3264231114294;1.508563899217247;26.19618977255398;24.78682273094629;256.4320386269611;31.96037684322449;179.0255191347091;59.06250287411042;151.2010382114474;48.25075379101263;415.1383018252765;9.389663574452094;123.536002480764;30.35264421951201;191.3952264416251
104.0924602822511;3.656764213118838;10.2774013508229;60.08484220581116;100.603297405298;77.47535693487215;70.23571883572818;143.1729194298432;59.31868114627632;116.9654694212577;162.8655521216363;22.76035725026759;48.46523787849929;73.57712771795372;75.08766377283082
54.67824867330206;1.302436231114435;5.398539430669373;21.39277784268482;52.84567768129892;27.58470588057705;36.89373576958435;50.97674638967883;31.15999769521707;41.64557099321511;85.5514458224344;8.104108488307865;25.45819757215336;26.19691682765478;39.44320685101427
156.3082974590587;3.982886967342961;15.43239271138154;65.45803790522596;151.0678903270038;84.40382296186347;105.4670261006231;155.9773099780136;89.07529438471707;127.4254230034393;244.5636679980042;24.79577296356946;72.77661421002675;80.15795161857227;112.7540774976002
85.44028818725744;1.496644826263122;8.436173912193587;24.58952449800819;82.57659139413698;31.70592483495271;57.65016439890559;58.59203745347106;48.69030868999829;47.86704745106667;133.6824509818015;9.31406916996502;39.78154221557482;30.11057525373428;61.63287576317201
162.7032679779337;3.439335364222312;16.06414361452055;56.51861210980553;157.2499498485019;72.87789693485247;109.7827005220764;134.6772035261211;92.72006414550107;110.024464712706;254.5714486927655;21.40952385289895;75.75505455149744;69.21138069090438;117.3678591811557
247.7753939967224;5.120857686563258;24.46308608693423;84.14909585546516;239.4700164369613;108.5048990924369;167.1835760038464;200.5154438884893;141.199595594507;163.8110008755499;387.6762329884255;31.87547295496646;115.3642248186413;103.0454357675285;178.7341628587704
141.8298914733478;5.031371848662667;14.00320097789933;82.67708544991716;137.0759702355978;106.6071361640941;95.69878101735192;197.0089560795275;80.82465606564625;160.9460900388235;221.9118610620812;31.31797741844242;66.03654170870398;101.2438364052147;102.3099802716229
64.01157878632095;4.847004638110723;6.320715217250069;79.64838470540991;61.86579946885341;102.7008269713798;43.1912975127987;189.7901807712801;36.47834274957364;155.0487463698557;100.1542879101116;30.17027163733179;29.80359984740593;97.53399800889126;46.17465783188855
282.0946726914919;3.629094228203516;27.85144775122815;59.63023589085742;272.6389097500891;76.88927389637898;190.3406480841634;142.0909322081651;160.7570054829007;116.0811555455406;441.3740574455911;22.58769879663416;131.3429509094245;73.02112932406044;203.4902499586725
113.7047309050533;3.800653320992429;11.22648927116904;62.45988662130939;109.8933348453386;80.53855296146338;76.72066980383555;148.8343761921174;64.79682978977107;121.5905036350241;177.9052659232123;23.66037431324644;52.94128746358271;76.48681798253253;82.02178155987325
36.57119861875493;2.950104839046639;3.610894614772675;48.47983663901689;35.34542773404699;62.51078704579279;24.67657779623325;115.5204501864727;20.84166551054446;94.37378758789356;57.22092259624608;18.36456003523957;17.02776124129403;59.3660157592931;26.38143012508575
164.9705940097624;3.080195271086038;16.2883684393017;50.62109800615774;159.440297692311;65.27344681758616;111.3125514390149;120.6243464045451;94.01202918222415;98.54376637221326;258.1176051276643;19.17597229838658;76.81000350959121;61.98931705228636;119.0022939696795
66.54193155448991;3.766732920605777;6.5701560505146;61.89297267994388;64.31146893235679;79.80712176947691;44.89802522600481;147.4825632043071;37.92009403947591;120.4855731867635;104.1131860968857;23.44529800730802;30.98154784556948;75.79177199287238;48.00074441761856
32.71759196392324;3.673000571238955;3.230457013168336;60.36653818587195;31.62068648268827;77.83950491682697;22.07620710560646;143.8464131903421;18.64539346137695;117.5151178350191;51.19103087492173;22.86732185638582;15.23384602672876;73.92280598700295;23.60086724118507
320.6144661510868;2.086189820667322;31.65469356300738;34.27628493673764;309.867023511422;44.19629661535261;216.3306527787227;81.67479116214325;182.7088160679138;66.72435610894598;501.6434923643981;12.98369019791938;149.278389974026;41.97337519342075;231.2769530043202
107.1618056050632;1.51106668988947;10.58094563448228;24.82405781989705;103.570225204845;32.00955156807519;72.30657916751883;59.15287743598705;61.06825511439782;48.32424214165116;167.6684589860584;9.403736030873171;49.89482360634542;30.39864779411267;77.30182945446634
170.1028142274027;3.270614756606976;16.79488644460835;53.74494304135021;164.4003300478349;69.30020279342985;114.7750889364815;128.0656903311648;96.93626196997515;104.6236216041869;266.147454416557;20.35844039193524;79.19985597198675;65.8138085610895;122.7046911181289
150.0035425793806;3.878740285967673;14.80995435761278;63.74058741886378;144.9756183420042;82.18872957989264;101.2128708513076;151.8845641450629;85.4825057694178;124.0815368806473;234.7004542324752;24.14490314708605;69.84197589161886;78.0540703011558;108.2066071608087
312.2098330421293;2.543738938915717;30.82531645237652;41.79277179101681;301.7444821699195;53.88895608238209;210.6606609581312;99.58553439767492;177.9188565078387;81.35711682739671;488.4940161831149;15.83083978355281;145.3652145050488;51.17767963576096;225.2143576692205
35.97634784965407;3.60839965837827;3.552424570632037;59.30418889796552;34.77087033357369;76.46939101631094;24.27524657626605;141.3144631946859;20.50170664289061;115.4466455771935;56.28968294385598;22.46443488906287;16.7513071971398;72.62219942140948;25.95151827147465
37.6092939136391;2.495084110419003;3.713388266533937;40.9964678586577;36.34887000549021;52.86215533636811;25.37728001675227;97.68881911936519;21.43260466132852;79.80762117618912;58.84462861688654;15.5299108864475;17.51144055922106;50.20314340852121;27.13043063533353
243.7574771468011;5.11866441413878;24.0671840088777;84.12254098489949;235.5862613928379;108.4700924316451;164.4723810249643;200.4523238737037;138.9098862971313;163.7585358352831;381.390102487807;31.86566264385646;113.493679670021;103.0133743575533;175.835418900615
51.52883534456348;1.893769942943258;5.088314314043464;31.11122736888301;49.80115528585528;40.11538390518427;34.76842761585401;74.13268746623791;29.36481027703511;60.56307634365266;80.62257000537655;11.78460310967427;23.99163070511728;38.09772362141236;37.17024688967009
183.1688801440018;3.853316327232939;18.08442251316815;63.32067278917329;177.0292824138296;81.64788224298093;123.5908330991572;150.8834472532505;104.3824953208796;123.264687492534;286.5917126676036;23.98595903253188;85.28404803315772;77.53987160425275;132.1304410170385
41.59063864236457;1.803872128732833;4.106699203825801;29.63428378389406;40.19649021964366;38.21128254416791;28.06286880565465;70.61500547101342;23.70107939417667;57.68815031238164;65.07369306219418;11.22537334371431;19.36509301894048;36.28963642736905;30.0021158267532
145.5813337837682;2.048714153819033;14.37415905772432;33.66579003742616;140.7019341955449;43.40980870878465;98.22942432824512;80.21977393529068;82.96237830597657;65.53596400956523;227.7818037240057;12.75288503987289;67.78314495476455;41.22585363140227;105.0163612948605
242.9578540514242;2.301682610972617;23.98772642147567;37.82904969785526;234.814204711138;48.77763875541559;163.9330270056624;90.14102214483684;138.4545818415649;73.64128676862065;380.1396377779977;14.32948906888239;113.1209910369942;46.32362684982856;175.2597157455751
227.8534633124387;3.823682234966989;22.4969108740119;62.84186807577723;220.215769537065;81.02983731648139;153.7410226108956;149.7434585373345;129.8462615256776;122.3326633638735;356.5058171812449;23.80426600590418;106.0888715929377;76.95407407248115;164.3631495121765
225.6552791628458;3.595818135211569;22.27972515360334;59.08364752268933;218.0909992804866;76.18488986521196;152.2582800021241;140.7892841600394;128.5937238842947;115.01768986723;353.0676922592661;22.38152814708555;105.0649442240983;72.3518018053705;162.7779888049209
34.52273849260162;4.658594320227516;3.409268552955739;76.55691204012987;33.3650848162362;98.7154424417963;23.29390037401724;182.4252911650259;19.67343623074449;149.0315084133093;54.01468007466849;28.99960294736392;16.07358555463551;93.74876523502088;24.90296806104957
184.0597712187966;3.231582663072689;18.17264603786038;53.10143993238116;177.8902161662054;68.47172016322608;124.1922524999822;126.5340935911255;104.8905070596287;103.3725564988408;287.9858844585418;20.11540593725459;85.69893112268983;65.02694101129855;132.7726103534093
231.6809378354069;3.306829732645066;22.87433177295447;54.33365319771988;223.9150746485514;70.06008009231785;156.3241566139251;129.4697964150922;132.027741177979;105.7699721252753;362.4942079808489;20.58124471674946;107.8710332818496;66.53451378089844;167.1244677760382
248.6361574968191;1.834896533433313;24.54818581477268;30.15281099287066;240.3015066703143;38.87955668089727;167.7645215493623;71.84935810312489;141.689819626453;58.69691074187326;389.0232583849561;11.42167043589875;115.7651703122559;36.92379133356634;179.3548140572173
221.6355789893506;2.625919890220573;21.88291203023387;43.14565812271736;214.2063443111446;55.63356783576715;149.5463596573256;102.809977517149;126.3039973493115;83.99035114671209;346.7782131615469;16.34412330841004;103.193556020519;52.83429900150973;159.8779926282066
92.55243416057547;1.824423310820309;9.137933249614889;29.9799097862209;89.45015209450997;38.65683090671948;62.44849140856597;71.43771706282153;52.74320550411819;58.36092097961822;144.8104117820182;11.35626974394834;43.09294789903082;36.71240958917151;66.76341213048167
312.7767538050788;4.05723246781116;30.88081129118229;66.67778482142791;302.2922101281129;85.97752483966546;211.0425884237371;158.8848797798118;178.2419382273069;129.8012411681716;489.3808927918711;25.25749382236375;145.6289080637733;81.6522178858413;225.6234042433875
121.2486004768687;1.649385521062753;11.97094167024514;27.10766029567387;117.1845276962045;34.95362496323202;81.81121313740988;64.59408319498446;69.09606957415062;52.77054397814775;189.709319241938;10.26852185409222;56.45313869599487;33.19515969432766;87.46331161253907
299.5725503341228;2.892889902281725;29.57783025896724;47.53569496546174;289.5306011512384;61.29371830544149;202.1333676302015;113.2704823913034;170.7173979886892;92.53586084294371;468.7205010575495;18.00663904886522;139.4809905573337;58.21043169021714;216.0981303025875
301.736116750449;1.615142521315766;29.79069685977698;26.5322101364094;291.622149248943;34.21078868987696;203.5929076558236;63.22143290042108;171.9502056201877;51.64840921940907;472.1058280629289;10.05074485853036;140.4881044753725;32.49021081276546;217.6591084183664
97.42499958776867;3.113591100593999;9.619128395515238;51.16598781997889;94.15984441444806;65.97536527471543;65.736736952304;121.9216994777842;55.52006123588838;99.60348133009347;152.4344847352134;19.38193259293534;45.36135559986754;62.6556455419387;70.2787512701919
149.4884997637645;3.095142197630848;14.75968899591292;50.86191002591755;144.4774304176971;65.58323374153942;100.8655171195752;121.1965373135959;85.18866956713133;99.01157168484659;233.8945807528021;19.26698909405523;69.6017108159857;62.28382440385014;107.8344806538094
182.8486411342559;5.098835639462656;18.05335240156036;83.78592297746791;176.7191953225627;108.0366316819124;123.3749089984517;199.6501140386744;104.2000252261216;163.1041379456321;286.0897988139256;31.73828781700922;85.1341308029554;102.6008461384762;131.8987920117494
228.0390581889666;2.906473684788268;22.51461409899061;47.76423066642541;220.3947574439413;61.58876207350691;153.8668713729548;113.814612437377;129.9520840050505;92.98083097546821;356.7966536633799;18.09307775863118;106.1752577811832;58.48972778497151;164.4973001353684
193.7464673339209;5.107882240649748;19.12875981753755;83.94470303108299;187.2516006013728;108.2417101302664;130.7280057302737;200.0302343091497;110.4102085423173;163.4143096609802;303.141283848133;31.79858053144402;90.20877094948338;102.7966546480166;139.7600787825371
86.60890828247494;4.452741581356105;8.551905064083186;73.17169763524416;83.70616129302954;94.34979896442134;58.43890510918065;174.3579029882782;49.35573980170282;142.4417670758838;135.5111002463238;27.71735578364694;40.32528071833445;89.60304320496363;62.47614404517006
283.5311187341315;3.648900758925641;27.99354026036778;59.9653123737907;274.0275096998503;77.32197326540957;191.3095462204472;142.8901319024739;161.575656781031;116.7333304868048;443.6223938847464;22.71466033632558;132.0124308145596;73.43188303048005;204.5271418790474
85.27949850716315;4.248095642892083;8.420442785144504;69.80891867241557;82.4211344662032;90.01390650212268;57.54130306622461;166.3457754831279;48.59828193417209;135.8960755729298;133.4312540445761;26.44358655388897;39.70650998842659;85.4858469616977;61.51682804086953
248.2149376481426;3.379816328805102;24.50675792158514;55.54153658646448;239.8940839583041;71.61759644190387;167.4800617674888;132.347893131468;141.4500763090111;108.1217461042728;388.3648851464816;21.03929905511133;115.5689352307289;68.01460207250837;179.0516699343425
98.43587989816992;3.379402598759795;9.719168415450996;55.53599955588156;95.13674413478503;71.61022005377342;66.41854148314205;132.335220358916;56.09598930783304;108.1108944816782;154.0158445854326;21.03719771763977;45.83260371129838;68.00740238314704;71.00755650363914
239.1200645279916;2.759332817389793;23.60866235275661;45.34521045463617;231.1047372552823;58.47036645837672;161.3432337027091;108.0528824563187;136.2675759434421;88.27359552769049;374.13462689157;17.17723942341161;111.3343401729729;55.52897334472614;172.4906726016187
38.11081437175504;4.706201427690885;3.76324499734147;77.33390690662868;36.83314530114339;99.71796827427495;25.71461397388941;184.277075878059;21.71825235055708;150.5452676501787;59.62825992560174;29.29404388046205;17.74453866987326;94.70058926323503;27.49093458436661
241.4628686069481;2.949593359562478;23.84057630816368;48.47039502333546;233.368920771144;62.49965906676118;162.9242190905246;115.4986954576947;137.6016012769415;94.35659186322668;377.8000999026962;18.36034287091178;112.4248601860588;59.35498072856227;174.1810335155751
66.38705854613573;4.810021794035721;6.55501460572097;79.04547904706671;64.16190981893045;101.9244546780233;44.79430613214377;188.3552785951624;37.83252342690094;153.8764672210545;103.871722548523;29.94252689638665;30.90985254945562;96.79682160874651;47.88882182097294
215.9342606225588;5.016878670413845;21.31937830011491;82.4413288042004;208.6957394275064;106.3026759804865;145.6988867554925;196.4472120619253;123.0536362588576;160.4865925929233;337.8568837809742;31.22835676089956;100.5390086497635;100.9549832112942;155.7650464126024
279.5023407338467;1.79960898373709;27.59577262848795;29.57570764729627;270.1332188134036;38.13577903994493;188.5905848025873;70.47406669877972;159.2795251926215;57.57328259463657;437.3168241081904;11.20329026651515;130.135717680947;36.21664610283089;201.6207031093356
315.8173444830599;1.469073409299392;31.18152254849765;24.1354392534424;305.2308860880221;31.12044689333392;213.0939832901176;57.51068388756392;179.9746872524177;46.98336367614426;494.1381170193043;9.142138805709646;147.0442877087159;29.55554010760575;227.816594265986
277.2216226855379;4.906147195648343;27.37059767891698;80.62081923757778;267.9287943552746;103.9553912472035;187.0517510712779;192.1085268700629;157.9799278602865;156.9429043638889;433.7485665867746;30.53877497769812;129.073803146166;98.72522935263306;199.9748082348839
23.24346502975393;4.569465860606845;2.295340224232079;75.09754094298476;22.46362322332327;96.83348152242692;15.68352559644718;178.947146250084;13.24600313399909;146.1904306331452;36.36683415112829;28.44637706583169;10.82254215036616;91.96172452288097;16.76642631344105
294.4889544667009;4.527976102212629;29.07544765647863;74.40988732229823;284.617142616658;95.94600445873689;198.7034682614485;177.3086939885713;167.8203916024112;144.8517311980736;460.7662187629086;28.18618050417385;137.1138529541367;91.11973652952797;212.4319275562591
166.4546572222897;3.327560368753312;16.43493402521711;54.68743029104395;160.8755355134253;70.51640235435669;112.3133957521383;130.3132343014711;94.85781132345095;106.4593931500275;260.4405393853467;20.71578379006267;77.50113825571283;66.96863114147683;120.0730419718647
76.50844304687028;4.433261487178263;7.554614114584017;72.8588936157939;73.9431510390298;93.94749498012723;51.62279421407498;173.6136624458399;43.59949824145225;141.8330996212426;119.7067739417454;27.59928713854047;35.6225782475262;89.22035874266196;55.18972827395309
112.3629794046905;1.471597962150164;11.09429681776353;24.18582744685244;108.5968845488633;31.18573551272712;75.81543363449084;57.62990114498722;64.03213759809158;47.08104658001088;175.8068741721562;9.161995178245368;52.31606357393451;29.61667465463967;81.05341273704374
311.5409756423497;3.538760175537074;30.75947557069625;58.16064621306556;301.0978284508182;74.99413325002901;210.2089401435066;138.5888012238265;177.5374575497995;113.2200888790767;487.4466268832102;22.03138659776338;145.0541333452691;71.22173960152421;224.7320403786675
301.2246694856515;2.929278323198615;29.74041275967834;48.14085635580285;291.1277438037359;62.07449755410173;203.2477955355646;114.7117408024622;171.6587437178818;93.71354159972455;471.3055355846612;18.23525116305003;140.2506771359126;58.95119484717024;217.2903025905545
224.7731247507161;3.101078992174034;22.19193160268438;50.96681398862876;217.2380858906363;65.7186350824025;151.6631026422226;121.4477020806416;128.0913920682703;99.21577834240014;351.6863735083072;19.30607681537445;104.6541987947914;62.4127119908098;162.1412432163092
59.41845010612936;4.645377763389743;5.867222638714233;76.34612761526374;57.42648921109875;98.44419942578411;40.09228033529008;181.9228422303447;33.86037829010587;148.6224956830821;92.96755100986124;28.92046902536593;27.66520188091644;93.49066963111441;42.8617982449362
226.7211082344491;4.338247107966953;22.38463694828628;71.29319663521184;219.1208778470005;91.92810133606207;152.9777308515483;169.8830672337688;129.2017773938361;138.7850710734172;354.7350398671851;27.0056436153647;105.5615793568655;87.3036941601783;163.5472058611108
261.1606196480883;2.317667769366624;25.78455802168547;38.09211799631907;252.4064931162216;49.11657862351162;176.214961862724;90.76744691778066;148.8269034372212;74.15232378718689;408.6193517444731;14.42972610764215;121.5960562097216;46.64618454417769;188.3892055506772
29.94403739866119;1.693310828733938;2.956919847844901;27.81773287450542;28.94039905631956;35.86832000137748;20.20476802158158;66.28505817098296;17.06470625108189;54.1509654735403;46.85192910581041;10.53769998858647;13.94190223430273;34.06413399609486;21.60076533447738
223.9215226916246;4.302507826814766;22.10882883076214;70.69863584018476;216.4152672443991;91.1614951634094;151.0885497972979;168.4655832296456;127.6058627723931;137.6273077957314;350.354867792602;26.78036868062505;104.258443883083;86.57548268486666;161.5275724703983
124.435750617665;3.323292065721411;12.28626868280612;54.61348362393639;120.2645705541693;70.42067480587993;83.9613625222439;130.1357761032659;70.91252067219831;106.3146394662166;194.6954695165131;20.68750523522164;57.93762647322087;66.87798570631408;89.76230418450211
84.15868799678282;1.833618513349101;8.30967308297849;30.12591487175927;81.3376440820693;38.84552700230706;56.7851913800551;71.78569120771694;47.96021644797099;58.64496930960156;131.6779846746501;11.41198727975035;39.18489401008676;36.89160939339011;60.70897722200383
219.9041731592455;1.448757495408243;21.71192521384028;23.81087412098449;212.5329061922256;30.70234386099328;148.3779219247825;56.73837524637658;125.3164868652705;46.35209411231447;344.0680404459948;9.020334673243713;102.3874308883034;29.15805074551051;158.6292239420956
141.2599152856592;1.581806908928406;13.94682958942258;25.99346774762473;136.5243513328552;33.51659502524307;95.31323807168778;61.9388736796983;80.49924485304413;50.60095502321194;221.0191029723498;9.846253633805524;65.77044678067972;31.83071138581563;101.8982867026759
90.87127022381003;5.060284646028847;8.972663929576298;83.15633040542984;87.82497542029576;107.2253446809054;61.31443127308831;198.1519784241872;51.78470123341475;161.8797166087564;142.1792396244193;31.49967164907311;42.30991576638052;101.8311186449604;65.55039660067366
161.3414030215467;4.200122812832671;15.92939394175573;69.02925607632203;155.9332542915633;89.0087137657535;108.863143980702;164.4870892363251;91.94408779783731;134.3771360950097;252.4396097986043;26.14783316567262;75.12094559039045;84.53001944937321;116.3852563581511
238.9889693215337;4.875548523483663;23.59589243609305;80.1250938807682;230.9778827894255;103.3162448092397;161.2550756171808;190.9270152319446;136.1923154907539;155.9781778175896;373.9290994124467;30.35124315136608;111.2730590151008;98.11859866643663;172.395810958556
161.6261280166258;2.764443905390182;15.95778134735637;45.43010833235564;156.2085288810013;58.5788342934186;109.0556170964875;108.2538468227903;92.10570212524665;88.4377704931738;252.8857878235827;17.20862645034618;75.25370953016746;55.63173508339587;116.5898877452429
54.86134342036957;3.235259974748883;5.416949328736171;53.16833330866659;53.02251529676487;68.5565794838641;37.01750781253385;126.6927905895714;31.26423331753852;103.5017050962318;85.83832778723706;20.1403189553028;25.54432865643203;65.10748389857829;39.57480869638801
278.6324628679961;3.346306497666314;27.51013645401146;54.99622891680682;269.291668250478;70.91404444632278;188.0039765960875;131.0481433208546;158.7841022187011;107.0595019164586;435.9569076970955;20.83207312543405;129.7315782138183;67.34645254537413;200.9931000335973
151.1985447290901;4.27961454764215;14.92828821230896;70.33251802221591;146.1307405585104;90.68934869120514;102.0200488424055;167.5930259947163;86.16387169443423;136.9144208605807;236.5701474950856;26.64238544966911;70.39812736196463;86.12663480504065;109.0684099327368
183.8095634778419;1.792663191490427;18.14794742257707;29.46311517768525;177.647857823587;37.99025967124174;124.0235353484125;70.20474912092546;104.7473225958745;57.35452613281416;287.5937898993354;11.16027650176072;85.58185288838031;36.0792913023781;132.5922222568563
300.5375893307709;1.468927997261562;29.67218544700175;24.12828503793884;290.4634470836666;31.11101726508779;202.7849037111005;57.49330278530831;171.2674805467277;46.9690073360217;470.2312152402328;9.140077093892046;139.9300264420736;29.54649602233713;216.7944634666785
15.59021929600909;1.731756378310531;1.539997651079189;28.46130075245041;15.06798996815174;36.69857381958916;10.51959709179348;67.81747730831485;8.884256094494019;55.40426650085539;24.39293407866758;10.7810504002044;7.259198080354357;34.85246431235856;11.24664008972579
253.4190728143211;3.735172733578967;25.02069511816881;61.38654147788196;244.9245092455486;79.15342243944237;170.9912578260899;146.2756212234961;144.4154064919418;119.4991591273261;396.5074759111602;23.253015076202;117.9921192677;75.17168239297041;182.8055905025106
231.2807569849687;2.078008591757003;22.83531827061718;34.14306727115995;223.5279135239473;44.02560083146098;156.0539001208399;81.35928693136231;131.7994627948151;66.46598729679668;361.8690583604174;12.93388686103596;107.6848619306006;41.81095423778674;166.8356683017025
60.02318897927648;5.126600824053208;5.926214683387608;84.24923290616223;58.01130091033003;108.634244781133;40.50019692868171;200.7552010949852;34.20564734426289;164.0071219519712;93.91364859399974;31.91405643520009;27.94701277935515;103.1693310343304;43.29780438473522
125.6877630186545;4.833555142698954;12.40912428785829;79.43260192681534;121.4741762629044;102.4231961599202;84.80663048595939;189.2770971571821;71.62536801610928;154.6295341229822;196.6541167436316;30.08865918373001;58.51991849560439;97.27054453811552;90.66526969454708
274.9724318626623;2.870838293426519;27.14817306614623;47.1763359442302;265.7549275540289;60.83075018402019;185.5345286977931;112.4150025082177;156.6980405251806;91.837724926514;430.2296995887617;17.87022370011529;128.0266434097099;57.77059919084185;198.3528850685423
198.230954207147;5.051566634746555;19.57230678084027;83.02167772030755;191.5855975071077;107.0513311707288;133.7539919361817;197.8294295421217;112.965648898782;161.6168726453795;310.1577882272803;31.4486824151325;92.29643260226949;101.6650208298851;142.9951176939206
140.3787042411851;4.272801874192177;13.86021099404102;70.21013421722375;135.6730028482858;90.53090524633716;94.71864645100034;167.3001255011745;79.99777675298559;136.6762469241923;219.6399069951517;26.59549599761628;65.36043969309598;85.97625902512353;101.2627984973653
43.4902218913922;1.671022101582632;4.294663083921879;27.45547770576383;42.03214013642891;35.40114747693234;29.34502052062373;65.42104482066532;24.78364376334905;53.44553103533634;68.04624657996699;10.40046861683628;20.24964662772929;33.62017081421937;31.37176110204108
133.2014223780922;3.306007974177397;13.1511038648628;54.33290543120712;128.7360922253725;70.05857251355263;89.87588666892603;129.466477103137;75.90725811996548;105.7675025168951;208.4100314988014;20.58100720481468;62.01880605713964;66.53407505709016;96.08515699866672
101.1124340025584;3.601432053395239;9.983409213901769;59.1789821356105;97.72298099560909;76.30773648226551;68.22396048300394;141.0162240841863;57.62075593189357;115.2032650431445;158.2026703074974;22.41675067391414;47.07818014613306;72.46837354524547;72.93820721468266
9.658659041299197;2.74672429063745;0.9538387869852564;45.13622089757356;9.334272698966259;58.1993908466467;6.516474407219526;107.5528106455792;5.504600608941991;87.86494072855857;15.1112682362885;17.09719480415098;4.497322385380752;55.27217787354274;6.966966877210361
15.21904388762287;1.624131257096742;1.503242508565927;26.68700636775949;14.70853804308803;34.41095297121324;10.26845042351777;63.58984741485619;8.673312796683145;51.94982697407111;23.81151974675178;10.10955201221565;7.086516420499213;32.6792472988823;10.97827115433729
163.8675577662026;3.900602043876523;16.17892036647755;64.09618439707715;158.3743095510374;82.6480558646501;110.5672826244113;152.732358931545;93.38339633545597;124.7745701183295;256.391627503493;24.27958276144046;76.29645155214169;78.48932230587099;118.2066106941286
32.07235489602638;1.864285187840073;3.166921600538738;30.62993566773001;30.99801280501396;39.49517679777095;21.6408219863918;72.9874585746485;18.2778626813157;59.62692941587612;50.18146086113806;11.6032644130213;14.93304623331252;37.50802043375072;23.13553814663454
282.3893699929246;3.803446719264341;27.88079434366421;62.50540401205418;272.9235055792356;80.59705402292958;190.5387399946446;148.9421573526618;160.9249365941581;121.678076346066;441.8344002951319;23.67741881622972;131.4808653202842;76.54236199906867;203.7033614515713
312.283319862532;2.502161361343305;30.83264761288636;41.11634291862673;301.8153000866643;53.01723132914105;210.7101869189544;97.97467800920847;177.9610270906214;80.03991207110593;488.6082983649965;15.57508298735615;145.3996643092486;50.3499867257289;225.2671963641465
261.8704688458514;3.976733258472989;25.85519250138578;65.35133492533899;253.0927742827061;84.26605959983907;176.6941543367664;155.7240053230688;149.2323122668436;127.2183895726858;409.7308645906333;24.75480650625388;121.9271609748237;80.02728183005972;188.9019841984894
92.98984150309509;2.562844688886859;9.181520787317835;42.10939654499326;89.87272670154694;54.29684420890307;62.74365483350788;100.3411467410854;52.9926740494918;81.97367385487152;145.4948144308828;15.95113027278486;43.29616741800597;51.56517728937628;67.07948513700487
219.2160010111998;2.730720957351248;21.64404300851859;44.8696487761669;211.867051332861;57.85600778581226;147.9132012018042;106.916861896108;124.9241166329513;87.34529341370236;342.9910099729499;16.99696731756269;102.0669957366343;54.94499277942143;158.1324234841137
267.0129687515577;2.952674993641309;26.36276760871655;48.51862859306837;258.0620976644421;62.56244470013822;180.1637645007669;115.6137992917368;152.1619162931785;94.45021084014803;417.7762626778104;18.37913540428882;124.3207652625197;59.41417850492839;192.6113524922909
91.05502050831166;4.808607956768919;8.990361795245718;79.02049178700659;88.00306650173671;101.8917578853612;61.43869317431607;188.2955962884846;51.88942428784159;153.8275745425065;142.4678384339539;29.93290512381763;42.39586728721219;96.76571640028584;65.68359878217578
255.3018029473096;2.555734338612635;25.2060782696732;41.98990024664081;246.743488582813;54.14218032866427;172.2618178669175;100.0552230287333;145.4889760140508;81.74010950141067;399.453252611874;15.90558563870105;118.8681180549556;51.41914477656109;184.1634718033191
326.3468119267275;1.929690080616929;32.22038567340056;31.70921276749136;315.4073246883489;40.88745616599533;220.1987940690342;75.55902852294355;185.974643250748;61.72761525188544;510.611864245457;12.01156954130486;151.9468585525502;38.8302611280251;235.4116734456478
67.31094366536047;4.041816526907156;6.646255599654901;66.42599039994408;65.05455035379735;85.6519492744746;45.41711598779079;158.2837197288878;38.35843000146955;129.3097059041285;105.3170741130271;25.16179399258727;31.34023357591852;81.34288449978858;48.55491010880808
312.2960420918505;4.936328609364959;30.83359246691633;81.13044093272504;301.8274280590442;104.6127546648451;210.7182755664659;193.3233230386809;177.9675154772149;157.9350476685794;488.6283235929802;30.73184353101409;145.4052953368341;99.34975383750165;225.2764026310134
133.4870573729282;2.544187576122284;13.17980931385936;41.79993057686013;129.0124401340555;53.89816996779611;90.06889082281975;99.60292526074446;76.07000541534275;81.37015259692548;208.8580821749793;15.83360678548642;62.15210133867032;51.1858346581501;96.29226325980284
294.6448931290915;1.782036627839629;29.09104727480472;29.27837749103796;284.768706609558;37.75216278449937;198.8087555098567;69.76679028306933;167.9086211613699;56.99601938801337;461.0106856182196;11.09102553357318;137.1869960725175;35.85318748206387;212.5440302752345
256.9251370039887;4.846502200483299;25.36637947252521;79.65367620822509;248.3130800295748;102.7086210948326;173.3577862450709;189.8055282606825;146.4133418396363;155.0613408623497;401.9925640641693;30.17274657561521;119.624373472087;97.54198673100318;185.3340835466662
154.2115319669775;3.290164226347332;15.22575194798211;54.06720901542495;149.0421251616531;69.71577522133181;104.0522437797564;128.834769965177;87.88039359919064;105.2518818685204;241.2830191817202;20.48084579988548;71.80060038459364;66.20888275124314;111.2411286293152
190.9112572351923;3.743280244386764;18.84891262256508;61.51624556351652;184.5119962631076;79.32163298115391;128.8158059257712;146.5857462409661;108.7951067176291;119.7533600215786;298.7063844811515;23.30289378843428;88.8888947362705;75.330808793497;137.7156022803293
191.7278964680504;4.307210981121703;18.93012423588605;70.78093768637815;185.3019183617328;91.26783787728881;129.3663012064802;168.6615193079382;109.2603484053312;137.7881561118672;299.9836449408579;26.81206813082579;89.26886958233068;86.67570465471073;138.3040815933066
144.6076892155064;4.569024474718597;14.2775853095593;75.0873020475304;139.7601327504571;96.82014997330865;97.57260214260725;178.9223451468202;82.40763034634931;146.1706324226067;226.2578369514374;28.44271273257457;67.32990461607771;91.94934506372481;104.314375337117
103.7615799535474;2.159389240501488;10.24485690871522;35.47639253138197;100.2825331561907;45.74542971813854;70.01160204040337;84.53669321491192;59.13087985322043;69.06165737530921;162.348025856066;13.43886297566548;48.31181633866102;43.4434736409533;74.84919292331838
255.5122715359441;2.192891339194136;25.22748746665184;36.03870815159931;246.9474353825468;46.47012825308354;172.4041127073956;85.87575143730783;145.6087552870121;70.15636921824735;399.7820364471026;13.6515761276762;118.9664324419239;44.13216543427895;184.3146901146241
121.3837117133263;2.44015430899513;11.98444615624828;40.09815030261168;117.3139337579465;51.70475347671094;81.90198630078635;95.54866374581572;69.17238534838953;78.05863763044836;189.9193627993426;15.1897823419936;56.51671580041474;49.10275074485251;87.56075498617497
270.9385410494162;4.425372469702525;26.75060945993244;72.72479153354504;261.8562392127207;93.77465642324191;182.8127192881261;173.2942809018431;154.3993385782919;141.5723162201177;423.9187997886218;27.54783143156381;126.1493052297372;89.05607602545381;195.4432141333368
256.6686177919632;4.834152723879025;25.34154255912406;79.44904869720607;248.0650747736897;102.4444350011813;173.1838745154782;189.3169719769727;146.2677907155761;154.6625785821393;401.5914539107226;30.09535332070203;119.5053111151521;97.29065951825817;185.1492141926839
109.8827649317967;2.986930578814057;10.84903590575633;49.08416476954727;106.1997846291885;63.29060346958339;74.14197066606083;116.9613467943909;62.61935196200028;95.55076635050757;171.9252340832467;18.59330592479251;51.16162850539513;60.10693691116102;79.26428311646612
68.02070893072903;4.142089119180843;6.716043923634459;68.07308494398541;65.74077323445522;87.77566386454774;45.89603784073348;162.2087603609865;38.76264776975399;132.5165235633263;106.4263465229684;25.78633997628046;31.6706087102725;83.36035348743627;49.06753863670534
325.3155226747324;2.057611884029868;32.11948495680844;33.81366691011911;314.4114903478435;43.60138229956431;219.5034194622168;80.57431213113097;185.3877825068096;65.82525255154607;508.9995159325023;12.80901392284976;151.4669945056109;41.40726205429475;234.6688620384273
192.5789655623479;4.668484775493469;19.01404158857456;76.71391893249049;186.1240609284139;98.91808952757589;129.9411455271914;182.799235780225;109.7445932530506;149.3370494449273;301.3150890160088;29.05877113476662;89.66488881026611;93.9411489763515;138.9187029228183
299.2480213762901;3.520297191717369;29.54573303946448;57.85162866817065;289.2171443007379;74.59628662644059;201.914356737439;137.8530904797047;170.532465697859;112.6191448981183;468.2127542664442;21.91464026863116;139.3297618822546;70.84361468073423;215.8646477957155
41.61007171213741;4.044758688881098;4.108818465093727;66.46522655227318;40.21519111247589;85.70278934814434;28.07580546044462;158.3783488781277;23.71204062818118;129.3876503019201;65.10300429595875;25.17754085671369;19.37344511559573;81.39164543131055;30.01579541214369
83.25270130526589;3.869179441890267;8.220185133111297;63.58116244731308;80.46193724365175;81.98443373353685;56.17416317231419;151.5064986015832;47.44327941368713;123.7724772744707;130.2598276982869;24.08507889947807;38.76267524488284;77.85972954236718;60.05507104976221
259.8143649965525;5.128334895164626;25.65187848011879;84.28531124498046;251.1048243176184;108.6796885837522;175.3064002855575;200.8401593470543;148.0597628370494;164.0759089047368;406.5136108751514;31.92673898804675;120.9694555717037;103.2124875510434;187.4181721860143
122.8143027108019;1.611611396419393;12.12613033699507;26.47868824694537;118.6979417823995;34.14293232245861;82.86805424176072;63.0955196644134;69.98796490794017;51.54572010087679;192.1588685526536;10.0303567402367;57.18232303539375;32.42460928727596;88.59273803678647
22.08440280751437;2.406217612841592;2.181292893409347;39.53530556811846;21.34387127798438;50.97853518835571;14.90107589981682;94.20831496567469;12.58586924954187;76.9629582629149;34.55414957350916;14.97641858295439;10.28290846138129;48.41440984860668;15.9305734012925
33.9408830443807;1.741455639074518;3.351186905807973;28.61429904116672;32.8025929740467;36.89541734026486;22.90098642911491;68.18285998690769;19.34173908086289;55.70234873387975;53.10373188213443;10.83921467206607;15.80303814109946;35.03938131943238;24.48342771274345
137.9319180109113;2.571009446978728;13.61834098675397;42.25295533860007;133.3084101378062;54.48317605409996;93.06882412338152;100.6841764721653;78.60380532656053;82.25351852918399;215.8130428670252;16.00541534397408;64.22116509547043;51.74200585963379;99.4985830308196
237.4835864947884;3.861121682758142;23.44725757945737;63.44675123045683;229.5237003221645;81.81093741512265;160.2398739246104;151.1858128695136;135.3353006266694;123.5107719065867;371.5749836331798;24.03339147076192;110.5730489340246;77.69472930493369;171.310404155225
18.08793133930366;2.818166993579869;1.786320562285269;46.31814203623325;17.48129917702181;59.72356477531594;12.2040854618882;110.3689437361916;10.30769542583645;90.16555495376963;28.30024059143773;17.54512756215028;8.422113549983202;56.71928788477959;13.04787714342858
156.848548978608;1.844744178794728;15.48643426054538;30.30589339072391;151.591140834997;39.07665236074776;105.8323017563528;72.21342015977939;89.383271928756;58.99485865825713;245.4107586702601;11.47987277388344;73.02868974224903;37.11098241667143;113.1435149462443
231.4602351314818;4.483082047670689;22.8525010339153;73.67854910351778;223.7012172914835;95.00311471707634;156.17536328246;175.5658869829668;131.9024475419845;143.4284099916305;362.1497056170899;27.90946590981267;107.7682759636139;90.2241325610793;166.9651342375618
55.30759537594773;4.356757022737586;5.460921099907453;71.59870246131406;53.45370609620267;92.32115200696643;37.31798877637957;170.6093167626592;31.51818751407385;139.3788875507935;86.53497570381946;27.12146281539835;25.75176721181325;87.67711880333543;39.89678980138614
129.3026681956728;1.481993568037311;12.76643665234829;24.35688270680551;124.9688889514137;31.40599473710348;87.24546107464569;58.03801526582346;73.68602756460025;47.41394326808285;202.3112658027589;9.226282012475556;60.20352890652261;29.82637544509836;93.27354481932966
148.1573547159743;3.91053784407108;14.62824619024755;64.26546186167209;143.1902124284537;82.86645045351902;99.96728878813421;153.1372468814271;84.43045074020773;125.1046434423832;231.8110383384156;24.34385255902383;68.98235567047864;78.69801959998904;106.8743056702407
140.2066273085134;4.827148357028429;13.84314149382374;79.33127863774556;135.5072609326342;102.2931083510528;94.60315285739217;189.0375760185082;79.89990898680486;154.4336319428185;219.3718991167499;30.05047442209158;65.27987863526394;97.1470859581873;101.1390488120337
270.9372854074923;1.765226104158955;26.74984459130958;29.01067390957359;261.8560183299186;37.4071404102469;182.8116431959828;69.12830234175367;154.3988296990288;56.4749127479966;423.9170397233851;10.98991091307861;126.1490011423816;35.52554355855212;195.4426100924427
180.5802682042891;2.146169187191771;17.82951762164063;35.26680630493361;174.526761617782;45.47361346257492;121.8449134518313;84.03492190492153;102.9075304542387;68.65269060127979;282.5410704522602;13.35922346264079;84.07838707091267;43.18580851509341;130.2626837472091
219.9133938493297;2.558959668227543;21.71296452237104;42.05468220464513;212.5421788446861;54.22609149212609;148.3840709779601;100.2095252516941;125.3219066145269;81.86636307475604;344.0838951550048;15.9303586951852;102.3921848972043;51.49782944447973;158.6359769712761
256.6474417326336;2.802985235907423;25.33935750739172;46.0557028595555;248.044131220158;59.38508965424676;173.1704155250307;109.7430440406181;146.2555110531173;89.65435343252602;401.558341183126;17.44575095379814;119.4953188871796;56.39768717213697;185.1342237110692
246.5698548577741;1.961224341869963;24.34400343047045;32.22218598328684;238.3044870587343;41.54832660081486;166.3702178248529;76.7809013318828;140.5127000259533;62.72567987154809;385.7911817387025;12.20592091252179;114.8031091966989;39.45816422622044;177.8643920216581
307.880048393634;3.408909401325481;30.39774413558541;56.01669990849064;297.5592291740063;72.23067626397125;207.7387884618557;133.4814549794633;175.4513747740324;109.0470959022791;481.7181934103126;21.2191721160067;143.3490700039717;68.59630818532534;222.090643429562
271.8230847855113;3.586677315379482;26.83761633008541;58.93319198407494;262.7111242864645;75.99089892682296;183.4092134054483;140.431144663537;154.9032785705419;114.7247603749385;425.3027871245462;22.32445076399605;126.5613822959451;72.16802045204466;196.0815435422326
103.6283900362439;1.965213997957767;10.23198810631333;32.29284090127859;100.1548987696748;41.63939641811402;69.92268642463861;76.94839394278142;59.05485907153067;62.86324596914699;162.140492365957;12.23281646901275;48.25005903466256;39.54429903090729;74.75277179979865
15.55159446820109;3.863114017898587;1.536080116395998;63.47689517572729;15.03107398684831;81.84952850996035;10.4937604740814;151.2563935355838;8.863236142097588;123.5687486665;24.332509016096;24.04467540428182;7.24149538980849;77.73106729137002;11.21884819633251
121.4830240290331;2.281595484339237;11.99409333139009;37.48590852657343;117.4109974601069;48.33588189598385;81.96974891752245;89.32416536659514;69.22970282698648;72.97375266880361;190.0761777520096;14.19949771013391;56.56249287652322;45.90453257573191;87.63258983287587
324.0695694997967;4.752627483154849;31.99644562726345;78.10698377328561;313.2065621709236;100.714299275331;218.6629563751625;186.1190321566061;184.6774497455742;152.0505474036874;507.0497785886398;29.58702004039354;150.8869560169965;95.64709951383037;233.7697961796658
99.06124289990429;1.863545393568788;9.781106248248761;30.61248335907059;95.74031922181884;39.47325468042792;66.84067419096691;72.94559718056226;56.45255832137074;59.59253292306133;154.993908401541;11.59612653873973;46.12276458937239;37.48660641800002;71.45909646434376
223.7202325481522;3.949761734579832;22.08857544122109;64.91251111814596;216.2210180323507;83.70046315685012;150.9523819245094;154.6774120842076;127.4917421994266;126.3633880463155;350.0398293680039;24.58923483347658;104.164489009405;79.48977404035556;161.3823373376628
17.52279221271914;2.159697556703858;1.730450956837188;35.49061339109653;16.93558671128772;45.76386734126137;11.82395302519286;84.56993923800249;9.985940554347918;69.08940152934241;27.41629090822804;13.44415983813879;8.158667740198839;43.46122224404248;12.64033318543305
287.6776302761876;3.106096551665812;28.40273001184805;51.03886429365381;278.0349722462408;65.81188360256391;194.1072182478132;121.6190059883116;163.9389279724134;99.35626849293092;450.1096565090144;19.33337717832368;133.9428094604433;62.50056796335159;207.5181367426064
19.29254400119978;5.056310189555466;1.905244234536281;83.09827616528887;18.64640512162786;107.1503143063454;13.01798908136158;198.0121877191521;10.99440235078883;161.7657157320625;30.18618273926419;31.47711002736779;8.982961659918557;101.7592626548344;13.91676340514922
100.6998071216535;4.724253657065466;9.942990721166497;77.64514349752946;97.32350285397662;100.1184989450596;67.94576750077562;185.018249491185;57.38604425783755;151.1504958227525;157.5575178926786;29.4123561197052;46.88540792273191;95.08154582789621;72.64011946707514
150.7853206615023;1.621107070669165;14.88730751101824;26.63376549267008;145.7302677851299;34.3420306004286;101.7405673939917;63.46416803743442;85.92773015215965;51.84667850713233;235.9228947593776;10.08919007602643;70.20536390678303;32.61454090148825;108.7696026600349
184.6758387988259;4.590401663695689;18.23331520331354;75.43130203713608;178.4852286974621;97.26381979622201;124.6079595089668;179.7420060784951;105.2409562956546;146.8400908310234;288.9493121414895;28.57368216749332;85.98508197668532;92.37080897126378;133.2168202138726
44.76275092992048;1.577395302823309;4.419970015088252;25.90977681900592;43.2621569972715;33.408866181744;30.20344850444989;61.7386550888048;25.50919007410828;50.43728566851401;70.03616854512525;9.815170040468374;20.84176943584192;31.72759724824098;32.28977724248823
125.3064898039765;3.704005766909644;12.37217981279233;60.87346299047515;121.106467235675;78.49267173943625;84.54965142411416;145.0535858705598;71.408160798615;118.5011148863903;196.0585642685249;23.05933984891256;58.34309577710661;74.54391327507258;90.39089843433561
60.00275476380649;4.105489943511571;5.924358536723452;67.47065691523245;57.99164478824468;86.99824337417009;40.48673206181625;160.7733220052938;34.19396951951703;131.342985067785;93.88231673326086;25.55820741138637;27.93753994027109;82.62223224675743;43.2841442636209
328.1085912176687;4.462800593034006;32.39464513132305;73.34364223623223;317.1099426198075;94.57171438058143;221.3876249050418;174.7680772789421;186.9784448303228;142.7762944380282;513.3688820102828;27.78228899246764;152.767322197977;89.81433835564403;236.6824942027307
186.5102859345553;2.505405671636604;18.41472585689777;41.17216580814946;180.2585850506251;53.0879625455166;125.8451607199217;98.10707937212401;106.2866792980715;80.14780039857297;291.8189194963428;15.59592012074565;86.83874066650785;50.4180785188536;134.5397465504231
214.2297563824933;4.639060339841849;21.15189089818309;76.22908396129677;207.0481280587038;98.29238197870406;144.5487205604438;181.6431369558767;122.0828223430479;148.3934536871459;335.190168258535;28.87536734797392;99.74503782761053;93.34721775149151;154.5358782937164
275.2508938253857;3.338131651874731;27.17608775286709;54.86224175700907;266.0235531718279;70.74154515436163;185.721882326686;130.7285242422839;156.8564363445605;106.7985997683337;430.6653294377421;20.78202591643269;128.1562977339546;67.18235179878921;198.5536940278062
218.1740968025579;2.492009181139994;21.54056357537075;40.9420112866481;210.8606233224112;52.79261829434809;147.2101051952845;97.55956639904703;124.3304537573188;79.70150310287909;341.3613304978001;15.50898787036777;101.5815603212815;50.13659154593954;157.3809800226004
195.2436153937019;1.36941212136764;19.27651000928533;22.49537823887733;188.6990587518488;29.00729537457343;131.7384061464562;53.60431622848924;111.2627221394265;43.79137331565857;305.4839133965689;8.52208112311741;90.9052126148533;27.54777937756327;140.8400218447865
36.54214640149755;4.036278946856609;3.607871329673898;66.32845094690394;35.31700507489051;85.52668933375838;24.65658324601396;158.052444481906;20.8244296521759;129.1207469607756;57.17535197422087;25.12492923343158;17.01433011320345;81.22357281929341;26.36046464125542
35.54470813299417;1.910149917962119;3.510133482369759;31.39112712935523;34.35303530155899;40.47593846218287;23.98322455244718;74.79976940909596;20.25569686844646;61.10737232141787;55.61404694415148;11.89086405645397;16.54947501251947;38.43987931768845;25.64065021220792
115.9148514768104;4.682674968321323;11.44461470907122;76.95948316184312;112.0288703464458;99.23476570075073;78.2117717953373;183.3848937443082;66.05637661264518;149.8159890398778;181.3626907852168;29.15184182283269;53.9700817355053;94.24229302125327;83.61575459848139
57.13624094765169;1.765692796378838;5.641491161902865;29.00698265636335;55.22105542621107;37.40318164264396;38.55208619451295;69.12010132692832;32.56009979673031;56.46824766014434;89.39583818006783;10.98773654353905;26.60313803894852;35.52163004860896;41.21497581248457
24.78999469192723;3.247472297203784;2.447680484738457;53.36873314405084;23.95884297394306;68.81620137246637;16.7262557907946;127.1718727759997;14.12698865696922;103.8923348558274;38.78624875000664;20.2160710081598;11.54227554369751;65.35437542241674;17.88264768675896
118.1801121973193;4.85957539658594;11.66821761594522;79.85747296020502;114.2183003328248;102.9706585061617;79.74048767694066;190.2892779644068;67.34725404645346;155.4568874159318;184.9072992730505;30.24993270845262;55.02514602178495;97.78989121556056;85.24958403245964
114.5605884994177;4.822130352603057;11.3112284331005;79.24667512558376;110.7204336637232;102.1836944693611;77.29853784296867;188.8353834998991;65.28511325835207;154.268803065027;179.2448301320298;30.01848594320959;53.33996046609695;97.0434264037312;82.63901866321592
12.8981258855346;1.474458087216447;1.274139707906834;24.2266852902117;12.46493539122957;31.23955082927733;8.70255832734704;57.72922296384738;7.349775895613055;47.16246322969963;20.18001025795443;9.177422751350177;6.005876207624675;29.66776103450505;9.303877838901982
217.2909764209734;1.463144202536377;21.45359039479518;24.03691938449744;210.0072816547855;30.99376263376934;146.6150697697719;57.27643884197938;123.8272074410989;46.79152622975572;339.9800445056973;9.105026103258492;101.1705685228386;29.43493418287196;156.7441704274364
211.9321031911332;3.708362808079897;20.924686261272;60.93694841940215;204.8279743211883;78.57476989935364;142.9983503497496;145.205011282093;120.7736702739628;118.6247160716029;331.5951666385168;23.08272687535793;98.67552467056515;74.62108643863587;152.8778801583964
154.7352267998536;3.069637108182611;15.27800709778355;50.45058733332847;149.5486720680337;65.0530672813979;104.4057308750665;120.2168584978035;88.17915560421754;98.2110454348055;242.1034855290847;19.11121800347618;72.04478086738386;61.77969518453316;111.6194207003239
318.3939864254874;3.887286234058489;31.43578862506642;63.87759100496778;307.7213393881228;82.36662305306922;214.8327374661309;152.2124940850385;181.4424185638954;124.3503960925788;498.1690147292355;24.19714122319465;148.2442584907836;78.22268759054418;229.6758507390863
152.7353617549743;1.690713594264594;15.08041011723708;27.77861661290751;147.6155731510282;35.81937924359402;103.0569078586188;66.19267634342305;87.03964867991519;54.07574985471423;238.9751803102273;10.52276865990233;71.1142468168743;34.01657301468883;110.1770534892392
287.9892030508263;4.467802006196128;28.43395604815763;73.42268824606022;278.336125562357;94.67451646363548;194.3180373587734;174.9578606945467;164.1160738045563;142.9309176921061;450.59758749889;27.81229265443463;134.0881775054353;89.91159432038431;207.7426656040412
193.5526759863494;4.47616566812429;19.10972959914243;73.55709220620007;187.0645555566325;94.84757615698133;130.5978911189072;175.2775204403407;110.2999184623901;143.1928718907887;302.8385561365934;27.86354419134647;90.11816197301313;90.07574268102358;139.6207111789594
268.0508243729591;2.931914818033242;26.46481218090696;48.18470635613956;259.0654272923234;62.13157283475095;180.8638901349378;114.8183069931524;152.7543986609024;93.80066825177965;419.4004478805766;18.25214087113602;124.8050202011047;59.00519697927717;193.3599161883801
253.7736118860282;4.945996289947813;25.05591019081228;81.27541330277525;245.2669753309028;104.7991848543716;171.2312100090236;193.6690104957043;144.6176418871928;158.2176557310199;397.0623960535842;30.78708730286322;118.156774401712;99.52722289777714;183.0609696188415
96.63020855704502;3.538864183755187;9.540958097492144;58.15366331950192;93.39086206454056;74.98525070826597;65.20031595943803;138.5721687806551;55.06636671327981;113.2066161238281;151.1902772425352;22.02841026137501;44.99121878903426;71.21332729498535;69.70477017455723
161.9763036458484;1.41326184701952;15.99203722346716;23.22395631830863;156.5469778461802;29.94573596935218;109.2916568046851;55.33856184230379;92.30539749182475;45.20945311817668;253.4323583773323;8.797871816904497;75.41664911078674;28.43946559571885;116.8425270914385
71.27029638663751;2.515633307589103;7.036490134349029;41.33012891856468;68.88133075714848;53.29289745809715;48.08923674160315;98.48445756695432;40.614343241124;80.45709033285793;111.5114513649159;15.65609838695189;33.18305809170761;50.61201728153199;51.41146050905326
220.4389018060271;1.420733887470687;21.76456368194857;23.34725085542536;213.049691730633;30.1044295124239;148.738855373063;55.63244974592637;125.6214450981978;45.44892117053377;344.904972687734;8.843669753514737;102.636024235818;28.59045069676732;159.0149147635051
255.3434893163605;4.149059060012847;25.21104602234533;68.18009868299401;246.7834134212471;87.91344069210328;172.2902223744521;162.4628066341505;145.5118821029514;132.7238549105394;399.5171462705262;25.82662343825509;118.8874535993802;83.49028354933985;184.1935983404517
217.6193586251723;1.696000812384492;21.48641994918905;27.86308877328042;210.3242820265953;35.92725531636566;146.83654210049;66.39232659832574;124.0145246349007;54.23986650292285;340.4942041317491;10.55465491570917;101.3239293457807;34.12002102248552;156.9808870204428
198.298271590189;2.046791657088379;19.57882977619479;33.6317171673238;191.6507449731065;43.3651798530492;133.8000367603073;80.13962870439499;113.0045999809247;65.46961990999365;310.2639106823269;12.73977794966769;92.32811078572357;41.18437708247747;143.0433744374101
167.8665946575958;4.314796543011614;16.57428598087185;70.90267474282146;162.2391744960578;91.42487164574548;113.266426086446;168.9527327708078;95.6621756272624;138.0255674915239;262.6490966166588;26.85790393432536;78.15842095615338;86.82522864688079;121.091146544254
199.4505326838708;3.945178496411568;19.69256934413987;64.83977435063352;192.7650514159082;83.60689340855308;134.5772276712629;154.5055916132749;113.6611290140955;126.222611531201;312.0659786304285;24.56160132782743;92.86453182919439;79.40153850001828;143.8750171046873
276.5503685799882;3.848365120983623;27.30434868211654;63.24003508159922;267.2793081383011;81.54403593120182;186.59940838959;150.6933547108136;157.5976477087634;123.1089139719672;432.6985222707676;23.95512651886343;128.7618661922669;77.44208440820648;199.4908993522049
135.7745189519051;1.882111602151916;13.40510260588927;30.91955495335848;131.2233815898689;39.8691574395335;91.61187870704646;73.67810912778462;77.37347136046445;60.19091133635872;212.4360530648453;11.71261987735546;63.21631777436269;37.86371495988844;97.94135613665543
98.42261204041914;4.903872641099308;9.717804623314212;80.5810729819593;95.12307416436732;103.9041167881092;66.40921153172903;192.014590330928;56.08828183596501;156.8666067432163;153.9942253445443;30.52460452931817;45.82541434759776;98.67663283731594;70.99720905400257
92.90741586695401;2.822666641322328;9.173034120235656;46.3838459814318;89.79275129904676;59.80850579946423;62.68861724928014;110.5258870529519;52.94554329627075;90.29379702960905;145.3652399112262;17.57014449270622;43.25803535938755;56.80000001168252;67.01924601174517
282.4215794699521;3.086366022044652;27.88440778055701;50.71893555784873;272.9540580876906;65.39844224424287;190.5600782288872;120.8553080706053;160.9431614938026;98.73318622612437;441.8852309438503;19.21194641662606;131.4956238353763;62.10790595578122;203.7265460111134
67.22577044435261;4.730038101679006;6.638069210888253;77.73125581904196;64.9721929031802;100.229444617036;45.3601986524392;185.2239689774161;38.30981030857522;151.3182529412431;105.183735764556;29.44466621924557;31.30037578746285;95.18754012329083;48.49362400314136
261.4293706316474;4.125033267637876;25.81128936151239;67.79087793531275;252.6664974290738;87.41255675919459;176.3966171609925;161.5375614788786;148.9807822534279;131.9680984279485;409.0401397150901;25.67926203822047;121.7220836621522;83.01472283702344;188.5842308863079
134.4095114884257;2.544133745089648;13.27109299226025;41.81171540065002;129.9047104735292;53.9131670896803;90.6917808084138;99.6318879218193;76.59572416674251;81.3933856541569;210.302119937184;15.83880926729409;62.58153690959335;51.20114383953276;96.95739790577467
322.7632312795036;2.644933169890092;31.86720739738569;43.46233615798302;311.9437335610925;56.04241776470428;217.7803478032159;103.565870838082;183.9327675342219;84.60770683951543;505.0052108939674;16.46370939445389;150.2784490490214;53.222821591132;232.826879826174
199.1210317215158;4.560035582021071;19.66016320520898;74.93640988544928;192.4462415330138;96.6250072564189;134.3545102780116;178.5631960776011;113.47328294808;145.8763787007818;311.5506946381212;28.38579847405044;92.71060674024385;91.76446361298991;143.6369576860965
202.9668824766685;3.353438897474196;20.03971002300206;55.11094922189167;196.1635910473286;71.06191282550947;136.9493258156527;131.3225692410724;115.6645574137273;107.2843665076086;317.5688855844704;20.87643135745365;94.50141554250413;67.48735096176114;146.4118371078745
176.7816823867698;1.302386079594643;17.45400107281644;21.38942413964713;170.85603659606;27.58022095366411;119.2819501410684;50.96844776913533;100.7430075142153;41.63887727893446;276.5987688142109;8.10231569761433;82.31033216012726;26.19334560982055;127.5224125628905
61.63183453339876;2.598076293773365;6.085373214535688;42.68885514463147;59.56588883889741;55.04443533138048;41.58536169894931;101.7211838803414;35.1223003185127;83.10092394840967;96.43203158269682;16.17035288479427;28.69620543988731;52.27510953744361;44.45887679560035
172.0458917796649;3.802409700408651;16.98619927057799;62.48458081034389;166.2788086230675;80.57081673396621;116.0855082427509;148.8931477014926;98.04344037606957;121.6385095688387;269.1871360928716;23.66986446233468;80.10416525039298;76.51721545635264;124.106246104833
203.0102598762572;3.106320580486381;20.04402169333822;51.05209971137244;196.2057090717289;65.82829974037287;136.9795058664655;121.6500859206887;115.6898119613177;99.38225261500762;317.6366550635356;19.33881879100394;94.52149802475863;62.51704515759455;146.4426329453053
94.30927915980799;3.054211459744598;9.311274021726932;50.18155407041229;91.14798284121019;64.7062551212159;63.63378544052763;119.5757688281807;53.74443965605931;97.68779934920656;147.5586026664528;19.00873968562394;43.91088790442659;61.45060157601655;68.03026650339146
277.1143920692354;2.779292155656941;27.36005949521842;45.66626294638377;267.8253316044617;58.88352597681192;186.9796440230033;108.8167426275175;157.9196372302721;88.89726185643809;433.5828805359893;17.29831424293118;129.0245686246601;55.92100116256439;199.8989257477622
306.0282136745321;4.469268396856092;30.21481099539558;73.45399858212295;295.769682599947;94.71388515799835;206.4891977259817;175.0314133546592;174.39610534378;142.991435410804;478.8210569723952;27.82445487512368;142.4871058407091;89.9493965990615;220.755012417417
222.9551423322119;4.400034306758879;22.01254974026117;72.30968341969265;215.481997058907;93.23914665632668;150.4368132843183;172.3045707677593;127.0556112263855;140.7642779235685;348.8431910802187;27.39103028300903;103.8080524071552;88.54799525033847;160.8307448896581
41.85643638193232;4.473666152854954;4.132853721820274;73.52556766713403;40.45333068330557;94.8065336348326;28.24241237709715;175.2008042852791;23.85334436744969;143.1306639022399;65.49009495761648;27.85175810462365;19.48844894113557;90.03692582498991;30.19367787424931
210.5012951244107;2.829445383637735;20.78385116379883;46.49562460410417;203.4454013408824;59.95376742136676;142.0339765635618;110.7933820284997;119.9583326259895;90.51326067715318;329.3570442304219;17.61297495460162;98.00956722698277;56.93730998207639;151.8461614621311
182.5652899914746;3.054540063271146;18.02517792718643;50.19057452430008;176.4454089342053;64.71799158407102;123.1831404548511;119.5979046567388;104.0385433193581;97.70588696622154;285.6466256570256;19.01280048949715;85.00269298613951;61.46220414030315;131.6942794493474
324.1198488125056;2.671048271428628;32.00115799195687;43.8888571840717;313.2545406698695;56.59101289452892;218.6961547431991;104.5804501966789;184.7055688761993;85.43620804070677;507.1274361424115;16.62471251621427;150.9098453730158;53.74436010493165;233.8059290636311
204.4852464158076;3.742700917698158;20.1895158734769;61.50109185015933;197.6301906072003;79.30138240110142;137.9743663476713;146.5480561145785;116.5297366415931;119.7223016348085;319.9435316628515;23.29621743413828;95.20868857457985;75.31206183158196;147.5066619974102
22.76209552934281;4.556858895239303;2.24824421639263;74.88861038638741;21.9993725536884;96.56405219566719;15.35892359574488;178.4499068938362;12.97156035959794;145.7841883155147;35.61451425699774;28.36795270055954;10.59822121518048;91.70659944900052;16.42045236708935
270.4686189083457;2.53231023506426;26.70395474614158;41.61660828066181;261.4030497857665;53.66229849319998;182.4960194216328;99.16707437297025;154.1315050982974;81.01457922072554;423.1844873780526;15.76454208731472;125.9308668802378;50.96281434427856;195.1043517659178
138.6732212519289;2.672634095329506;13.69182918759614;43.91734893513506;134.0250182717584;56.6284145821656;93.56803097848804;104.6490088686358;79.02566018584834;85.49275946367727;216.9725767347345;16.63593784035536;64.56613230152666;53.77932562715259;100.0332326255168
275.5839981300463;3.521696631820767;27.20843042307731;57.86865944303725;266.3458274952655;74.61829303484723;185.9467581181463;137.8940166769919;157.0468935764062;112.6529723478555;431.1868815937842;21.92131265246935;128.3118711346034;70.86444199930581;198.7933879599952
299.1855170868568;4.889144354311871;29.53959958233743;80.34955721995762;289.1563001266425;103.6058400011084;201.8720049649054;191.4620341080846;170.4969100294497;156.414561705763;468.1153347257039;30.435836065413;139.3004120044688;98.3935975045482;215.8192553973973
259.3431555836477;3.997931468921546;25.60573170417308;65.69218320810675;250.6502569373774;84.70584387612979;174.9887286320257;156.5369175439076;147.7918080023092;127.8818689542145;405.776420608794;24.88443491815674;120.7500928720391;80.44501829355906;187.0791041394366
185.8504551181612;3.422101550106612;18.34919008984396;56.23650493074738;179.6201193263037;72.51330049835336;125.3998441474537;134.0038467162357;105.910421087859;109.4740925553387;290.7864829099979;21.302199631145;86.53164589577553;68.86502811463171;134.0642548255258
208.9329550261371;3.967295547860132;20.62834720151376;65.19801312870089;201.9293707088385;84.06951190708047;140.9752355988211;155.3594013490102;119.0647242017934;126.9203719795962;326.902974487804;24.69701556098486;97.27984091093172;79.83992210463229;150.7158130205998
241.7096642506926;3.771892789595327;23.8646352788152;61.98861174066238;233.6070643669939;79.93115350996848;163.0904989285986;147.7116162866753;137.7427284430186;120.672398778162;378.1863109069221;23.48116903239846;112.5405042548998;75.90983787555017;174.3587059469394
174.1597559309486;4.366542059841921;17.19555825875697;71.75007897969257;168.3219334658608;92.51735517704441;117.5120831017838;170.9713160336678;99.248470363688;139.674427876561;272.4950706298289;27.17898783841839;81.08839489856953;87.8622155771499;125.6309638600923
15.54219825112807;2.661356387361372;1.534658410537517;43.73026512734016;15.02165282099102;56.38755156919266;10.48709131260276;104.2039540607857;8.857514780832144;85.12967228246519;24.3186409715559;16.56569904133005;7.236919124030369;53.55052623749503;11.21200600818193
203.3907516820359;4.845223503505842;20.08095210879645;79.62108202625699;196.5726248969178;102.6666586784644;137.2358469447875;189.7274843753245;115.9062234142419;154.9975758051495;318.2314079245815;30.16045936653735;94.69879913757461;97.50188922240861;146.7176208139739
279.841192789438;4.70845874345119;27.62941034603423;77.37661789184334;270.4602985493449;99.77306186524503;188.8190476981233;184.379433100588;159.4730060736768;150.6278986309799;437.8482337156693;29.31078535289223;130.2935664659185;94.75350230669211;201.8648624757272
124.3560811547687;4.85809866926123;12.27766724721262;79.83355906177852;120.1871251943064;102.9409472511619;83.90792484096859;190.23319703587;70.86683629818084;155.4106241262136;194.5707538121969;30.24111564918016;57.89974006567009;97.76201045415941;89.70473282959918
19.3550079342767;4.203003779577244;1.911502211583177;69.0651013357926;18.70562497773822;89.05554626498102;13.05979963053235;164.5741552434504;11.03011561773351;134.4487002018847;30.28227389050699;26.16212098547923;9.011603944618356;84.57546961758868;13.96134157704634
294.5505939181822;2.762143559456627;29.08201273559729;45.39697677300795;284.6771587173786;58.53657014412779;198.7446573708717;108.1743133312371;167.855186633997;88.37224710955701;460.8639009120783;17.1959815730824;137.1431001728538;55.59072869567535;212.4762787218147
200.7039698821503;3.037491330261257;19.81615910459955;49.9196375052577;193.9765505099307;64.36798546611715;135.4235045456159;118.9507011104715;114.3757244385132;97.176655891309;314.0280236726078;18.90981181702117;93.4479254295786;61.12932813437161;144.7790230388248
137.0791702508429;2.944615394303899;13.53481645362531;48.39413219651301;132.4843257538037;62.40058697309896;92.49271244709905;115.3162324662001;78.11679688368841;94.20722883289665;214.4776572705954;18.33204593461983;63.82447160964126;59.26186827673649;98.8825439913973
66.22217931397883;3.52108457829827;6.538613190879873;57.86900067322406;64.00236718237069;74.61754032771975;44.68279656982301;137.8937263771993;37.73786963863122;112.6521929501808;103.6134148572609;21.92067536542488;30.8332143285499;70.8637648520636;47.76961810977808
163.7585670420888;4.123885567197843;16.16848944782491;67.76637178747303;158.2691075437954;87.38062839326135;110.4939446986942;161.4790782104579;93.32070633785771;131.919614826834;256.2218622829462;25.6705049823724;76.24579837457141;82.98453615953879;118.1287154369662
150.6985168171787;3.208122319229029;14.87922671311709;52.72670586814721;145.6474714813312;67.98808504576769;101.6824230287777;125.6402132658033;85.87835683544613;102.6418153938374;235.788022904865;19.97332681046263;70.16510037897073;64.56745854432477;108.7074313943556
145.0402413237917;5.098667020905559;14.32019508898112;83.78900195527336;140.1788141667635;108.0401891317532;97.86463877151955;199.6575382836835;82.65447584208169;163.1098064375097;226.9341135370294;31.73884783101551;67.53047665408941;102.6048501003434;104.626271417332
164.1598437514448;3.366931275418945;16.20751129123718;55.33034147466761;158.6566097184373;71.34518884338389;110.7644537717938;131.8443534951324;93.54955238351971;107.7106432615899;256.8489104696931;20.95935546924245;76.43330428213234;67.75503628700176;118.4176422702166
240.8732881378498;3.621555721696399;23.78205885651681;59.51104833306518;232.799314373428;76.73604406144742;162.5266189661096;141.8073830107119;137.2659812953352;115.848883782604;376.8776477493158;22.54286852024181;112.1504382998916;72.87582181772335;173.7551449174137
39.78577913085597;1.970290297013045;3.928609398779874;32.38005792567401;38.45227476292064;41.7526471882713;26.84504342140004;77.15794267154178;22.67256380587275;63.03388389787494;62.24969770595838;12.2660474490127;18.52490373394832;39.65201911616568;28.69989520845733
52.71021619388795;4.447607384743972;5.204447359686455;73.09351265758869;50.94369804871278;94.24999492059699;35.5658934514023;174.1727542962101;30.03767947253035;142.289856057094;82.47153192970929;27.68757220070435;24.54250953929618;89.50801751858887;38.02285980977189
62.98364889498196;3.214970811308798;6.219173802050801;52.8279135719028;60.87249289561646;68.11834331777997;42.49769124399898;125.882683884916;35.89278716924764;102.8397483609;98.54585814045161;20.01164785052526;29.32523324161799;64.69195128672045;45.43321352709896
93.03134012027948;3.425057496198833;9.185925904919401;56.27642299744036;89.91305265880354;72.56467277952976;62.77221436203336;134.09868170749;53.01566666359076;109.5522007316243;145.560273497624;21.31724643330903;43.31565599838488;68.91416135515739;67.10902243405236
52.07231273210682;3.745257095688074;5.141858200815761;61.5455843773577;50.32625245681656;79.35873008986;35.13519814521605;146.6554967715163;29.67392306341253;119.8095174644682;81.47326463742368;23.31309014342413;24.24507286767897;75.36676097908409;37.56274333323564
45.57049766391624;4.039236180617943;4.499850090767999;66.38507226352326;44.04341862002816;85.5992238762496;30.74832332720915;158.1868330860812;25.96940873149734;129.230813006043;71.30116209344767;25.14670226958703;21.2179398442055;81.29256463456244;32.87332175998174
178.2986903694541;2.291428119198159;17.60396620727759;37.65236812447269;172.322373525274;48.54983384215935;120.3054818086747;89.71959296236223;101.6068105577848;73.29670881087;278.9718103808018;14.26235523043759;83.01576628277556;46.1078260499837;128.6177467905043
325.5797025498321;4.556089973793608;32.14497519535863;74.87782685051346;314.6664572982489;96.54993105559075;219.6810140074065;178.4235875278728;185.5381295765965;145.7627054417276;509.41252013304;28.36353928034893;151.59010432098;91.69210941797837;234.858502672873
26.99284089622416;1.503363805769001;2.665746105124669;24.69875633938167;26.08788194977566;31.84708915139405;18.21304094825914;58.85311875881002;15.38270794396965;48.08040068423559;42.23400579264162;9.355868655051594;12.56829297955481;30.24489355499966;19.4713795788662
17.63647544339462;3.624226702794738;1.74164762725948;59.55362537506905;17.04597762127489;76.7895853239565;11.90000643178704;141.907370764248;10.05067390569199;115.9306239537582;27.59456530967105;22.55868262657848;8.21190347160365;72.92707328424889;12.72267908594814
234.8452731950164;2.552682924415669;23.18682836374146;41.95080766201777;226.9730520410669;54.09337302978609;158.4588568750083;99.96363853224607;133.8304185838034;81.66465821912355;367.4453805434519;15.89118457291691;109.3437309993769;51.37164142321496;169.4069097713451
204.694967569154;4.300587641858765;20.20988863370674;70.67748515602129;197.8337067083827;91.13424856633679;138.1153134826202;168.4145474377671;116.6494669099362;137.5858200420574;320.2720076622758;26.77241337978921;95.30637258518453;86.54950497352228;147.6580266688121
273.9216538896607;1.587209781046286;27.04514608158298;26.08618412048465;264.7394381400397;33.63619075718134;184.8257145490048;62.15928035650927;156.0993857740948;50.78069727146209;428.5862038324024;9.881061280787268;127.5384790466377;31.94407084305277;197.5949644141888
39.49791940595031;3.838212869123816;3.900212409750453;63.06810100110994;38.17365345320715;81.32245437201257;26.65067268153269;150.2822663621872;22.50901921348676;122.7727601936996;61.79858965484636;23.89031537089767;18.39079899829549;77.23056171283494;28.49207989256232
19.98284853445497;4.964147244598058;1.972973853800597;81.57761885126776;19.31253164308549;105.1893434388968;13.48302010438643;194.3898769134989;11.38749449131115;158.8062694842071;31.2651137454588;30.90152887518703;9.303884607448131;99.89795842332414;14.41446092312479
292.2917839303146;5.053441768587416;28.85879668786995;83.05400763826805;282.4942046014485;107.0928278708353;197.2210267845844;197.9074101231505;166.5683047537312;161.6803890948921;457.3290525049172;31.46076920460878;136.0911423856378;101.7050884688278;210.8464141239238
119.7189370646918;2.697337833489855;11.82017287536861;44.32612526025708;115.7064796903161;57.15592297181814;80.77921451422387;105.6236945970775;68.22407749565726;86.28928593031662;187.3163958676388;16.79128580878336;55.74148869362313;54.28029273064644;86.35997719784336
256.524703260969;2.299542377280047;25.32714910435798;37.78425565921227;247.9256476923198;48.72062350876497;173.0867381075238;90.03446487463583;146.1853948024336;73.55428296963329;401.3667655674813;14.31269334738858;119.4380333420917;46.26947523013447;185.0454756358253
7.351481502347911;3.415732132451721;0.7258248017586318;56.13036808332114;7.105729503538021;72.37598928677727;4.960623936677671;133.7502296763457;4.189347530737701;109.2669629420027;11.50269958320035;21.26183871726592;3.423636413155656;68.73481708033563;5.303532204345994
310.239467206555;4.645926446233186;30.63091814611541;76.35403054652737;299.8398128576436;98.45378720696228;209.3298623611824;181.942782085407;176.7958020733429;148.6383258234029;485.4095779448048;28.92344714650089;144.4472784827166;93.50129868774852;223.7929913063089
249.2076386903508;2.29194839959545;24.60513831963695;37.65786912746772;240.8542761626226;48.55752393434739;168.1501951767874;89.73412428487967;142.0161304481737;73.30781091026702;389.9174323701952;14.26513927069786;116.0306460930309;46.11503703844192;179.7669436409925
283.3450777451332;2.810451082463288;27.97556944494495;46.18568697537139;273.8470657753344;59.55296776604067;191.1835492378875;110.0545474934065;161.4699184355896;89.90883003794858;443.330199002429;17.49540442548046;131.9251953676932;56.55715238000335;204.393096022905
282.0554492793061;3.338628708198898;27.84779639774941;54.8631451996414;272.6005894911262;70.74176405415082;190.3138802559285;130.7308489478861;160.7339940983009;106.7999371007413;441.3117851452797;20.78234476915289;131.3249223631293;67.18291721835345;203.4621261790912
239.7976787397075;4.055583625235314;23.67542210791435;66.6474998330816;231.7597291121653;85.93815061187914;161.8007336716814;158.812715819303;136.6530238620406;129.7424189027963;375.1955181545371;25.24631406664255;111.6498965183518;81.61461629837254;172.9801234448759
43.18348016869557;3.299469105723358;4.263778043964555;54.2226585014176;41.73578487787039;69.91615166000228;29.13780234093662;129.2039954378314;24.60888690443769;105.5536574439956;67.56549815577121;20.53919270457397;20.1062062631599;66.39859342302276;31.15016386871077
297.6986448447994;4.60791027051251;29.3926805455317;75.72343298299256;287.719336307823;97.6396075678921;200.8687578260173;180.4378243977179;169.6491521724169;147.4089954529815;465.7880702018735;28.68406134449538;138.6081271020864;92.72752317676799;214.747069312115
229.2884264052218;4.669111502689792;22.63836887660984;76.73108074266948;221.6026160186384;98.94041872930867;154.7100031809193;182.8408356538446;130.6642437130349;149.3716192389297;358.7521951219933;29.06568886746768;106.7567576585683;93.96291860370469;165.3989269353012
315.1314483208239;3.071424004495903;31.11314061512313;50.47113126328243;304.5682913862199;65.08010694904846;212.6310731382827;120.266120271386;179.5835574141223;98.25196864357329;493.0643924908823;19.1184644429738;146.7254815374482;61.80505175270385;227.3221376580328
30.51055979257107;3.3768416773121;3.013106669901853;55.48650359976715;29.48738083947375;71.54697716477568;20.58707746119221;132.2171416775856;17.38715452020606;108.0145232218974;47.73779393967625;21.01859460572781;14.20605538723998;67.9470624988561;22.00921023423647
256.3224225780398;3.394954285599417;25.30711588346921;55.79053102425799;247.7296864416949;71.93839230398113;172.9507801575872;132.9421833333568;146.0700137131505;108.6067323254043;401.0497894761749;21.13333621237753;119.3434501308353;68.32007558966247;184.8996704306107
303.9851946783571;5.026628464104474;30.01310254377902;82.6071012072461;293.7955036016889;106.5160847617954;205.1104013646683;196.8417811449292;173.2314771469974;160.8097382192175;475.6254885301652;31.29116967134898;141.5352450325872;101.1581384851046;219.2813675195156
157.0860277132192;3.481113560707901;15.50979795995897;57.20110115354173;151.8204766177786;73.75669025731209;105.9921141951271;136.3024879707019;89.51869491144238;111.3519262164584;245.7822263799735;21.66812316331675;73.13931791902117;70.04628321139671;113.3148149425597
67.17794048448476;4.628221112681675;6.632947273464517;76.05985935471293;64.92624859054703;98.07439384874546;45.32771337581602;181.2414598172795;38.28296386390563;148.064302328027;105.1084915502538;28.81186950878528;31.27803657225825;93.1408760900468;48.459464239694
173.7598859642043;4.683951568376926;17.15551895390518;76.98096167845456;167.9355339012215;99.262445259091;117.2424948433809;183.4363938942479;99.0207996710848;149.8583395336391;271.8699563670575;29.16051069664216;80.90247899627424;94.26882642376179;125.3425538863776
37.03086375783123;2.206872728593692;3.656141686087809;36.26506228005697;35.78995941869617;46.76083401861068;24.98674556564532;86.41394078823392;21.10293368478424;70.59611592779859;57.93982443729323;13.73683587402792;17.24147487526379;44.40848633869481;26.71238291444355
142.5431243235103;1.414927471623169;14.07427270076129;23.24251516085706;137.764654519361;29.9697484693749;96.17930354547242;55.3828774079096;81.23062369749171;45.24470907621291;223.0269353893296;8.804353177311496;66.36873830504628;28.46188621162825;102.8244236666119
231.2185791113762;2.246933877709298;22.82891777123903;36.92818754340694;223.4680428532651;47.61603994301053;156.0119243078166;87.9938511141883;131.7644634411237;71.88692234878071;361.7712311887321;13.98866983893447;107.6555449764569;45.220462701956;166.790813924292
143.9888161119391;3.738344172075629;14.21641202581142;61.43878073696595;139.1621931165719;79.22131221250309;97.154965941925;146.4000285806455;82.05441379172809;119.6016895615889;225.2894305312719;23.27339663930904;67.04115939711988;75.23583360382148;103.8674232201182
308.1516856234096;3.100543416942687;30.42435726228367;50.95741618996346;297.8217674061122;65.7066345365707;207.9221586702174;121.4255666944061;175.6065297293828;99.19858800553803;482.1432741257516;19.30328096139742;143.4752182176734;62.40154440518408;222.2867394459094
307.8148478572794;3.118756930710451;30.39142962388614;51.24706662948035;297.4974102244597;66.07932948436729;207.6953331718197;122.1145217827901;175.4148876799032;99.76086022616819;481.6174971404018;19.41284421483963;143.3193225960617;62.75539907261068;222.0443518867724
205.0669984610068;3.142673612107325;20.24669057056447;51.64226061606219;198.193097699772;66.59004551316522;138.3664417415831;123.0570203998581;116.8611398078659;100.5319090644161;320.8532290142149;19.56280790377626;95.47908777428786;63.23985429311568;147.9261582579312
81.93741910503712;4.876486914421893;8.089798289976976;80.1357235136791;79.19083509255927;103.3303656250923;55.28649045477129;190.9542741604984;46.69353138609301;155.9996008361553;128.201448360602;30.3558440406136;38.15034339387162;98.13244704846571;59.10544365547297
40.39902183426569;3.202752741982751;3.989189702160579;52.62634021839039;39.04516193292365;67.85802030642722;27.25892442009321;125.4015445019317;23.02285733758979;102.4468148536779;63.20946635260606;19.93451167351062;18.80998510970807;64.44424132303018;29.14244431446238
227.8275915474506;2.249422970079857;22.49435494472128;36.96601533197337;220.1903271461747;47.66438802720806;153.7241392232553;88.08408507268906;129.8321165673107;71.95992405529545;356.4656174850621;14.00244479363707;106.0768146819674;45.2666165267017;164.3451055094644
226.8144883188169;4.140099319280714;22.3943703473293;68.03573073425476;219.2123188431484;87.72756379478164;153.0408458128388;162.1196567186329;129.2552619864638;132.4434690609895;354.8819775929259;25.77149883126648;105.6048586925666;83.31418815794447;163.6148019091452
223.5650134907983;2.157042867008091;22.07288557734168;35.43619079883405;216.0705798871803;45.69352313454187;150.8483692062677;84.44042605366869;127.4029924228292;68.98390622841288;349.7963009213006;13.42345790528185;104.0922028333345;43.39466002531409;161.2700135808484
247.124288326479;3.100449647199123;24.39953143417308;50.94906257481597;238.8401687955311;65.69485321943321;166.7441772723951;121.4040890524914;140.8282180981003;99.18132148355951;386.6583306511094;19.29948818910168;115.0609183933338;62.3902258227501;178.2645759111738
199.8165842026032;4.363271149669002;19.72837083004417;71.70614297010992;193.1190567103595;92.46067440014679;134.8239246185239;170.8668171164939;113.869860155005;139.5893394727969;312.6395579850629;27.1623971086493;93.03455226859664;87.80905767255;144.1393396327106
282.4477453665802;1.955230086694912;27.88714501517141;32.12190201251693;272.9795914672869;41.41953662826459;190.578806766202;76.54281853310384;160.9584183786556;62.53109426992793;441.9267457240368;12.16841167001418;131.5074632602864;39.33567022478099;203.7453485902385
201.7240997387057;2.184342644786156;19.91633787328939;35.89702138248816;194.961427884768;46.28734617168861;136.1106504778931;85.53864032369499;114.9561484148339;69.88057255318284;315.6229537893925;13.59820601293849;93.9226394894832;43.95837339524113;145.5150242566829
177.1433634118626;3.072406048377052;17.48987565000757;50.4838166463754;171.2058207045849;65.09595382004095;119.5259066500918;120.295997451395;100.948570469219;98.2756122634509;277.1644813966856;19.12325256208911;82.47852117673726;61.82100351833609;127.7837216264802
80.00668485176051;1.599495795534216;7.899285944847912;26.28252787451166;77.32464354607563;33.88983122843484;53.98407250929014;62.62769496530236;45.5939526505055;51.16356539843737;125.1813303608193;9.956121038042053;37.25149250813255;32.18496128699002;57.71334934987838
86.10834567516982;3.645041069397927;8.502037602066611;59.90679516750919;83.2218806677962;77.24655972754898;58.10119083798016;142.7514549789;49.07116732164905;116.6205524956243;134.7278820619185;22.69281680025298;40.09257430719665;73.36025277470763;62.11514807344389
264.7477539046641;1.434511089541182;26.1395130691809;23.56642295680918;255.8729631018201;30.38736663265041;178.6353413711847;56.15576229735264;150.8715402474178;45.87659222301097;414.2318625940824;8.927393435369895;123.2667435128502;28.85899245088546;190.9772887560347
259.5942251202281;2.440678862010284;25.63046440174794;40.10420565388847;250.8928171475497;51.71108553169706;175.1582345082225;95.56251231087791;147.9348662807282;78.06933635574944;406.1695294146803;15.19128828243065;120.8669652742006;49.11024316718854;187.2599131772514
249.4973099162398;1.663727275314957;24.6336102956603;27.33387298323042;241.1342610931716;35.24552233111444;168.3453425372668;65.13282999416163;142.1812283932401;53.21061871968209;390.372203574691;10.35411898735334;116.1657592415829;33.47187498266405;179.9766446047355
81.20158735556475;2.69952911337981;8.017302705027172;44.36780377072639;78.47883413254573;57.20901277463531;54.78975509972878;105.7222055310535;46.27419123234928;86.36968740897149;127.0492478701658;16.80626957389928;37.8070066869784;54.33165782533825;58.574622338721
43.63189777286144;2.602604081388413;4.308209455674544;42.75908332466921;42.16916870479593;55.13547459485631;29.44029767853864;101.8892586019197;24.86525399494387;83.2379736491374;68.26831479518431;16.19758967351997;20.31566991259531;52.36156992357179;31.47478392367756
306.9726439241094;4.97874421370522;30.30824231600337;81.822643597498;296.6834057733553;105.5052843126591;207.1268403581996;194.9725260698185;174.9348398245722;159.2824588387315;480.2997593883271;30.99429740466686;142.9264423408145;100.1968454326233;221.4372972605469
126.2737699622173;1.361886813963416;12.46752408839784;22.38161246456617;122.0413683261509;28.85960247267592;85.20204430021025;53.33197398751474;71.95928283785858;43.56944675677735;197.5718502726114;8.478595999620188;58.79293083663141;27.40755449746734;91.08836810384398
97.15127409083955;2.973218006219186;9.592423700856447;48.86560770690681;93.89472740513355;63.00895009240379;65.55165553307134;116.4408447244788;55.36352003580539;95.12646147316515;152.0056500127455;18.51015386375522;45.2339819755297;59.83941129245202;70.08102648807927
239.9576840517;4.215880615126268;23.69132369168866;69.28147878192406;231.9144255548108;89.33395936538547;161.908771452744;165.088918663562;136.7445552325422;134.869335620017;375.4457307754948;26.24354664954637;111.724156772899;84.83934568586126;173.0947795215843
292.0851161242226;3.021302625569561;28.83803305227224;49.65517715570291;282.293472005264;64.02715570869694;197.080474752253;118.3209504794058;166.4499251726732;96.66256247987548;457.0048039519026;18.80975012495663;135.9944364055283;60.80555482606068;210.697618383711
80.91712077872505;3.625505819512571;7.989101349457878;59.57771936877056;78.20506135757813;76.82093972382424;54.59832243699844;141.9657335525862;46.11208927696885;115.9787288229875;126.6048337118314;22.56777195288884;37.67525194913377;72.95662079526433;58.3704351024252
142.7969553809801;4.397292439802969;14.0992839830336;72.26619881455922;138.0107348688668;93.18265106836728;96.35117957734064;172.2013424646342;81.37597631962012;140.6794312693928;223.4249862592587;27.37465299526706;66.48607659355011;88.49496793065666;103.008038418493
18.1061444551922;3.682920610974;1.788188757238635;60.52277798096151;17.49944470373233;78.03934159955148;12.21695111882156;144.2166414931476;10.31807284370879;117.8175713247133;28.3292655581479;22.92618726891825;8.430154729440615;74.11337974526167;13.0611313918357
170.4566773545811;2.686992375128817;16.82929366290549;44.15394901362907;164.7424999899126;56.93406002833465;115.0133127186556;105.2131948458056;97.13779406119569;85.95342741195024;266.7010158995444;16.72520619623364;79.36410554918697;54.06944597112862;122.9595280648389
75.7961624330339;5.103303751382044;7.484243172363305;83.86922444899807;73.25533844423303;108.1444479409942;51.14323771550875;199.8495620198712;43.19423956321659;163.2671808459635;118.5930269245741;31.76978194607391;35.29109988264651;102.7032756396273;54.6764497103017
285.033247816197;4.174198980862082;28.14199692553391;68.59858700031742;275.4788494698284;88.45326226618999;192.3234729235969;163.4600299841327;162.4317237708881;133.5386720185573;445.9724234056011;25.9853574574411;132.7118707859001;84.00244483863095;205.6104822621745
31.1369196764753;2.964622528939778;3.075065963223743;48.71825581211581;30.09350745743649;62.81863732449865;21.00952068502224;116.0883795377998;17.74436201227675;94.83842735577528;48.71752512465099;18.45492432514564;14.49745098575256;59.65821676830804;22.46155075953602
165.7551749394827;4.818106338962768;16.36523664647854;79.17567643676198;160.1990193521002;102.0913610004915;111.8413248323752;188.6642979748659;94.45883591551878;154.1290976165278;259.3461343693573;29.99122404371685;77.1762316577035;96.95496408590763;119.5682946474968
144.2859897745037;3.414043346525802;14.2461004459071;56.10544558321929;139.4491860621875;72.34459456699456;97.35542656010036;133.6916811700169;82.22441820128209;109.2189551392711;225.753881146806;21.25327439392922;67.17958738749435;68.7051506211422;104.0815508430452
192.2414702892507;3.35531757227655;18.98021911999527;55.13665009013426;185.7967750720829;71.09497915106984;129.7123300019332;131.3822171563564;109.5522201577464;107.3324837475557;300.7863507337926;20.88556941352969;89.50791923580414;67.51800141408295;138.674038516668
269.3611216534284;4.347341104916755;26.59448165380465;71.4388842988986;260.3312892179138;92.11572525427245;181.7486659498441;170.2286575023608;153.5000903097377;139.0684020865017;421.450651352085;27.06066141959543;125.4143904681987;87.48130351469477;194.3049117585149
19.29607938141762;1.921115277136215;1.905476703044028;31.56501172538086;18.64935372034687;40.70017038777297;13.01980763937705;75.21346036508332;10.99699417845053;61.44615289888368;30.19091412223521;11.95685850578271;8.984852319481723;38.65254778112391;13.91934122220166
71.25062921682608;4.936459895059035;7.034699020914945;81.12400627716531;68.86258506573019;104.6049900004048;48.07550911545034;193.3085658525106;40.60403069679449;157.9226391425537;111.4811297637598;30.73031498577844;33.1746575467165;99.34239470307818;51.39683271090275
82.31046601644223;1.703777178738351;8.126789814731101;27.99874078236501;79.55180460435486;36.10234625975378;55.53869115614555;66.71679989812732;46.90632772523996;54.50422767840093;128.7856212975275;10.60555571848589;38.32459744289622;34.28574280249955;59.37570801628001
213.8396957205804;2.412925296652014;21.1132657044431;39.64141736116682;206.6719840227794;51.115527639116;144.2863803791653;94.46044327184913;121.8609329881563;77.16967762770585;334.5803910873754;15.01674391387667;99.56372764916618;48.54387898116551;154.2542505062194
200.2321108107558;4.813545488977469;19.7699148086184;79.10481161040961;193.5207084246144;102.000429206451;135.104289894707;188.4952529089995;114.1065034170545;153.9916576775204;313.2898424138664;29.96432337037638;93.22860038921182;96.86837403436785;144.43881221446
29.24002299908028;4.882814660401497;2.887820389609379;80.23833511739485;28.26035297227433;103.4626499281212;19.73008522331605;191.1969197283565;16.66302005221079;156.198827311786;45.74963928179707;30.39471705891878;13.61465328987352;98.25693616770171;21.09259868212935
108.9341300126347;3.689136839315806;10.75517870762243;60.61954915918705;105.2825357410373;78.16549024170347;73.50217669787553;144.4488626875452;62.07819376632526;118.0072806896385;170.4418447584068;22.96246969886536;50.71964520692972;74.23297039438818;78.58036512672052
210.6726307723614;4.538776349711829;20.80039323670386;74.58555707534701;203.6112187784093;96.17299823830315;142.1492362727863;177.7272453723818;120.0562419834807;145.1946543760846;329.6246640289921;28.25263873311767;98.08970385837489;91.33509964164202;151.9697541699149
72.73453581262764;3.749039565165297;7.181644429842497;61.61649386808793;70.29707291216715;79.45085053986529;49.0772073906961;146.8240525494929;41.45005117778771;119.9471805461122;113.8028102368105;23.33992774485074;33.86566503347738;75.45378381874812;52.4680417857187
35.74547576091016;2.8821938287524;3.52984535102401;47.36588813901999;34.54674141039829;61.07477534858236;24.11924596430972;112.8660064934816;20.37029238944223;92.20588774418569;55.92771338762532;17.94181835604751;16.64375012355452;58.00276479109517;25.78542625244668
183.6232451849114;2.846128308218757;18.12976010351031;46.77534334226425;177.4681925975374;60.31391309569181;123.897841557667;111.4586079897197;104.6416297722452;91.05578856272456;287.3024418428665;17.71820454052561;85.49517602859837;57.27916301986534;132.4576215728436
84.91745966271272;2.279576064734409;8.384891432796076;37.45657072384184;82.07143940637623;48.29811931511987;57.29769121263902;89.25515401151631;48.39170332310574;72.91678406246845;132.8648766879166;14.18931810492361;39.53828604593339;45.86904556733663;61.25595531842261
26.38968688301125;3.261466082325751;2.606269629775025;53.59654937964154;25.50498361930441;69.10994698279532;17.80618587144854;127.7143400847625;15.03912275694352;104.3357973614396;41.29031380215243;20.30289324395997;12.28766489269389;65.6326182752574;19.03632228330654
209.78321735394;3.552877296985673;20.71250556910909;58.38420197345746;202.7504744298168;75.28278287729418;141.5489480903317;139.1223219161928;119.548537490973;113.6562977778869;328.2332031481446;22.11601515242218;97.67475015498817;71.49622889451189;151.3284402609842
39.77722467831767;4.115096028249781;3.928016095187712;67.63383019938323;38.44396673696404;87.20931170314616;26.83933217941296;161.1613979318009;22.66736997719072;131.6609608510974;62.23577926135711;25.61939991339937;18.52030417130673;82.82199341535026;28.69350564614344
223.0547169010768;4.558719886815911;22.0229535193068;74.91916427353641;215.5777757172057;96.60318452254651;150.5037458715575;178.5222244902532;127.1117153250792;145.8436347425853;348.9979875762497;28.37906735784308;103.8539797383808;91.74306496742309;160.9014888758628
38.78381763790633;3.974107703167111;3.829357050308362;65.30292322783755;37.48308190078281;84.20342412590774;26.1692162765059;155.6074406442909;22.10186527351983;127.1227923613071;60.68185811772548;24.73622814180901;18.05819001675914;79.96693819361154;27.97732134529727
164.6787621270439;2.94143833594342;16.25945921608404;48.33560240341804;159.1588141063453;62.32606503003101;111.1152055397506;115.1784789111159;93.84500464789215;94.09468965825324;257.6612389003074;18.30962358027127;76.67485971332147;59.19071179342585;118.7922878850704
187.6315951589978;4.835297083570439;18.52574303787977;79.45674600923805;181.3426538822622;102.4553022624378;126.6022949176387;189.3364744090358;106.9254853714273;154.6776376240829;293.5747602141869;30.09876012966896;87.36114261460037;97.30045702592601;135.3497967638698
266.5721665740923;2.598514164162948;26.31945960500019;42.70261777490724;257.6360188064448;55.06229074440969;179.8663607224677;101.7546393888541;151.9107871747549;83.12865308731317;417.0862428597649;16.17569124395078;124.1163555023092;52.29178770086038;192.2931508476058
77.75835915835715;3.637696383012549;7.677490042490057;59.78012232660029;75.15187045756397;77.08263648945808;52.46634655545328;142.44788927333;44.31243323326373;116.3727187808576;121.6624291127082;22.64424508971672;36.20427249725464;73.20430758948685;56.09123530254491
94.95428007323086;1.528025686876556;9.375582535411441;25.10545970664946;91.77110348786265;32.37094814948787;64.06975277451214;59.82185367248645;54.11214244787577;48.87121330492795;148.5689022497205;9.509837137955335;44.21049946077543;30.74253001891272;68.49627773231803
279.3092185014584;3.636115222563033;27.57682514132467;59.74694896739552;269.9466085183084;77.03959426981974;188.4606729807976;142.3691178812032;159.1693439695291;116.3083793691491;437.0162013490929;22.63201821065826;130.0463033137351;73.16402718883006;201.4817208138025
181.4150591956325;2.675612593925881;17.91123625573551;43.96621243481451;175.333907222102;56.69186622275079;122.4075762753461;104.7663607761923;103.3824844563331;85.58894669592978;283.8475448090323;16.65452779620484;84.4668345503791;53.8401169946358;130.8649688665833
244.0942693961231;2.868833343090153;24.10033824886526;47.13756378125956;235.9114846215008;60.78024055236229;164.7000968042258;112.3216607198766;139.1011171489293;91.76090539378696;381.917086722772;17.85537466516184;113.6499552446654;57.7227122911146;176.0790512806592
195.7266161492514;2.283945793559481;19.32453932428678;37.52183815677376;189.1656398598626;48.38132691661678;132.0646693828464;89.4083849978195;111.5386506895322;73.04282947497768;306.239179785843;14.21374644661919;91.13066502213239;45.94782614250712;141.1888097544175
179.3486598734623;3.044023345419957;17.70720509389609;50.01951853813966;173.3366275283585;64.49665028994757;121.013615462178;119.1896587868226;102.2046946467715;97.37211636963987;280.614116102733;18.94770330312685;83.50503005419068;61.25226092842988;129.3740670597534
177.7439915041554;1.537829298914072;17.5493452695317;25.27257729560334;171.7866739858231;32.58774161231882;119.9311655230259;60.2207514756063;101.2909204625532;49.19716143799883;278.1044607648043;9.573919752652076;82.75771291574746;30.94822488846264;128.2167880361202
32.83363569997824;2.303017936431879;3.242167546601225;37.8451141604326;31.73375876029754;48.79928632189291;22.15494339611813;90.1804085408849;18.71153746758701;73.67267296466976;51.37226890179472;14.33595815615521;15.2872593908151;46.34392307407978;23.6851213093056
299.4578820651903;1.290910856082581;29.5665041282266;21.21239105169328;289.4206559719585;27.35185807524888;202.0561037394619;50.54615286054861;170.6523260296577;41.29336356596464;468.541719876396;8.035787706598851;139.4277148376819;25.97557142190242;216.015950192894
191.9319843054222;2.842848385140274;18.95024726490375;46.72085929819875;185.4988629955209;60.24317935313419;129.5046095299037;111.329192111953;109.3764930432429;90.95000001247543;300.3030510990639;17.69804813163267;89.36430355013948;57.21233817926795;138.451558507614
32.49615920561136;4.802545446819718;3.208541733755272;78.92906956344839;31.40679874655497;101.7744838452467;21.92613236584839;188.0787441332999;18.51854533012085;153.6498982753783;50.84428325821637;29.8982345928637;15.13066577391671;96.65399899976543;23.44180633346208
239.9827279668876;2.975296584032323;23.69436667405576;48.88907337549263;231.9377904224489;63.04004127320685;161.925230384491;116.496858903853;136.7585249092969;95.1715806518679;375.4838248085244;18.51941000819525;111.7356028462165;59.86809395667114;173.112619526639
286.3453675056624;1.784212949906191;28.27120551517438;29.31268075311714;276.7471497866559;37.79658340670105;193.2085196204807;69.84877425282414;163.1797082835451;57.06257566511558;448.024954745379;11.10369414348437;133.3220274068233;35.89547977922889;206.5572977320269
172.2216948822279;3.193587891193076;17.00372322613508;52.48057708323166;166.4488116507994;67.6705361781525;116.2044589140126;125.0543585379952;98.14375248012296;102.1628787366066;269.4636636268741;19.87975368316835;80.18626698023881;64.2655608536638;124.2330913116881
248.2152508418816;2.016331325281067;24.50635002549803;33.1274468977952;239.8943040846344;42.71578034243151;167.4797240290259;78.93807332068791;141.4495099968857;64.48810034864707;388.3649482586932;12.54934845988105;115.5688154528799;40.56647373702972;179.0511627824002
168.7548653631409;2.429151390731666;16.66176484827229;39.92284804264575;163.0973469844479;51.47889525359323;113.8650604053438;95.13163716926478;96.16777896244754;77.71797678881424;264.037820625478;15.12313178286899;78.57265255584034;48.88900589922152;121.7316574959597
18.08475085741085;2.636240112179448;1.786398023702108;43.31948521754456;17.47914890055023;55.85838446679994;12.20274627694524;103.2244647315722;10.30582837448783;84.32960211640871;28.29586124988571;16.41003695254828;8.421123768140632;53.04800109739513;13.0460355867724
314.22836888729;4.20405695132076;31.0243719641921;69.08105270617193;303.6945801289586;89.076336660065;212.021757561018;164.6120581212071;179.0689278459846;134.4795869502828;491.6511420601453;26.16803179535888;146.3041880146546;84.59498410932045;226.6703370821317
188.2988763358594;3.464237129719353;18.59123716230245;56.93591439813811;181.9875052446;73.41484761477159;127.0529969780853;135.6706941307384;107.3063434635033;110.8357288199297;294.6189760404379;21.56776615046059;87.67210909250859;69.72177733738741;135.8304111660015
61.5692035031137;3.595291044014031;6.078791371537076;59.07815297543414;59.5056514614331;76.1777088656859;41.54356179832159;140.7755373661747;35.08661692088648;115.0058151838391;96.33350021088407;22.37919309140036;28.66731536078462;72.34513311115977;44.41351824506349
79.94674159368576;1.495269625109561;7.893886654363152;24.56149939300092;77.26633445870364;31.67052832974631;53.94302182397967;58.52619814693179;45.5592033113176;47.81322303388412;125.0871533093559;9.304590254602813;37.22375860249081;30.07761931012476;57.67023593601736
107.8853566576691;1.403622126621156;10.65247354763588;23.06343592508238;104.268532029555;29.73935873937697;72.79491954002808;54.95781431209758;61.48027941695563;44.89731841129712;168.8009109343664;8.736715186472791;50.2315347565456;28.24285734519806;77.8241693774732
317.094589489718;2.59109187441666;31.30770377517045;42.58472050225827;306.4654281234268;54.90981996853127;213.9564258633988;101.4736975422115;180.7028932216784;82.89907227545841;496.1368035751356;16.13161433504977;147.6392151380954;52.14779114948423;228.7382458060464
144.4352429538104;1.803043245295627;14.26076127798788;29.61935104459426;139.5937690930325;38.19252932481477;97.45597438987538;70.57943569457726;82.3087491619346;57.66012227395156;225.987188028639;11.22041485608585;67.24914281939581;36.27095294304915;104.1887375290992
49.21574639755472;2.35520875928682;4.859447072012403;38.7069708658025;47.56570965700568;49.91036397839729;33.20793119619412;92.2340411052444;28.04644305044105;75.35056192763631;77.00414407409743;14.66253859800411;22.91537367674589;47.39955626970773;35.50210941746691
128.3838914438123;4.777263007266643;12.67608926874182;78.50738497404701;124.0804070147835;101.2306850820546;86.62569486663803;187.0737953361393;73.16201735922002;152.829008548398;200.8739077967168;29.73853146149913;59.77622906733347;96.13815201642639;92.61126450663865
291.725045281203;3.323475937130397;28.80301676851772;54.61134418354727;281.9458337053346;70.4174393857309;196.8380552317089;130.1305628151643;166.2451101554732;106.3101454800626;456.4411512789206;20.68709229939721;135.8266279078447;66.87534814501439;210.4368374845641
195.4126354524163;1.776906772979548;19.29409277785102;29.19239253439131;188.8625064725039;37.64194347466974;131.8527844847268;69.56123432658006;111.3592597506729;56.8282372848893;305.7481232955313;11.05780030363175;90.98403366648202;35.74745976952515;140.9620318727949
25.97708595049283;1.711505554783581;2.564859187803564;28.11583384464027;25.10652730767129;36.25361223056128;17.52749634713086;66.99595462286017;14.80324696384691;54.73301432050678;40.64333591911902;10.65032998217717;12.09458093630398;34.43011237927801;18.7385630005265
146.4190162419141;2.437052796012971;14.45614413757083;40.04663457398418;141.5116124493343;51.63703165040484;98.79444723802504;95.42438576232315;83.43964226389279;77.95770077175443;229.0920446734055;15.16996599466208;68.1727330424638;49.03933209568511;105.6207558061974
38.1902872804664;4.638303730710005;3.771360130497084;76.22491722701781;36.90983949480146;98.28788926698746;25.76868503506465;181.635109206016;21.76323276825362;148.3864037362496;59.75311332355769;28.87404516110824;17.78202822538772;93.34264955429352;27.548792310295
171.3145111820523;2.656618467668182;16.91464430605237;43.65354380075718;165.5716470811949;56.28796874472401;115.5918624255946;104.0196843173131;97.62629335888245;84.97817711089543;268.0435840359868;16.5363342023092;79.7636077843009;53.45592544250924;123.5786505054825
155.8753368422437;3.636944167928933;15.3899538066352;59.758699993524;150.6503273542684;77.05512179230985;105.1748647261937;142.3972408449767;88.82804775976054;116.3312274256403;243.8867655136602;22.63620656506504;72.57600176765462;73.17829016513835;112.4413287222162
304.4038142634861;3.747690419980752;30.0544661540906;61.57915627523948;294.2005629456133;79.40177461685084;205.3930505325485;146.734489941742;173.4708611104114;119.8743096765687;476.2801628078745;23.32666320465382;141.7307746110908;75.40772024920111;219.5838771018335
139.6121830385083;2.115842724060414;13.7841344967146;34.7742827485533;134.9317386129419;44.83901075511459;94.20176715901009;82.86136418045936;79.56082227976655;67.69388311535039;218.440586681744;13.1728039903513;65.0029216640057;42.58245566393204;100.7097124201583
27.17272510799256;2.507295357068682;2.683293642747373;41.19446802887415;26.26116518691305;53.11766347909592;18.33452374641409;98.16028937367035;15.48506126225216;80.19169219216433;42.51429101254951;15.60451506853084;12.65187669308517;50.44524712695538;19.60112050105655
264.9612830550496;4.745366773827669;26.16047179670564;77.98957880828887;256.0793728662409;100.5618908697972;178.7793647099195;185.8384658977928;150.9932736149276;151.8205142234419;414.5666674934853;29.54273592550394;123.3655569899804;95.50337829453871;191.1315965802649
183.4028574407204;2.920161878465566;18.10749127074808;47.98554844545492;177.2552545303043;61.87377985628057;123.7489933753298;114.3433015276378;104.5158630073394;93.41258125067694;286.9583035344902;18.17677182307867;85.39242437287385;58.76095285001391;132.2989911784814
139.9677187256217;4.736315497033964;13.81995655486942;77.84052915999432;135.2757619836764;100.3698145939057;94.44152062008806;185.4838862837604;79.76322284762547;151.530442593169;218.9978319534641;29.48626134239606;65.16943310461492;95.32083792456568;100.9665968678159
26.02785298931355;2.860982586727521;2.570675785666738;47.02212953080249;25.1554764963299;60.63129353810524;17.56208625244891;112.0461335386128;14.83283856837763;91.53558802972825;40.72446402318635;17.81222348112759;12.11885275781193;57.58133841301586;18.7761544541484
32.17974604540083;4.752721729187055;3.177329512969551;78.10984994033488;31.10115046946954;100.71782695649;21.71337298734117;186.1261907716286;18.33796049949946;152.0556790653184;50.34880796692644;29.58802488972004;14.98282851572005;95.65130571305646;23.2134293975318
102.9046663543567;2.079131128353641;10.16010909902352;34.16594883637634;99.45577622089058;44.05449864437508;69.43430477575922;81.41162399137072;58.64192942018607;66.50923014472227;161.0081393079223;12.94166518987924;47.91217641135895;41.83821122619035;74.23127399313476
309.4083897089207;2.564730636302691;30.54867072262883;42.13784406787914;299.0370159368677;54.33307505227177;208.7696130754001;100.4076701799974;176.3221595586577;82.02789089016683;484.109605681045;15.96148248604462;144.0603273860407;51.60044608790516;223.1937351209774
196.7346877088828;2.966828711921742;19.42373126533817;48.74886791391278;190.1396761240272;62.85927908752048;132.7444794945992;116.1623252607685;112.1128394898652;94.89935428854301;307.8165268471519;18.46631126180586;91.5995934295744;59.69626692945752;141.9155031101073
128.5955280076523;2.392137002938849;12.69669461102064;39.31222478162233;124.2850314666219;50.68987775098772;86.76802402446469;93.67461825276519;73.28206616409496;76.52750290492807;201.20441696906;14.89120159862643;59.8737839211351;48.13994921719403;92.76336054750699
302.5231193566579;1.99675633646143;29.86835122724918;32.81356067007879;292.3821667729607;42.31099588667428;204.1234384915171;78.1904524573396;172.3981429192359;63.87801891196839;473.3367768019083;12.42980496394368;140.855189818133;40.18251671187643;218.2272305470986
157.4470142242009;3.605931047450884;15.54539775266484;59.25112968758065;152.1696091465163;76.39997733965272;106.2357476750433;141.1861050959348;89.72451164094406;115.3421141127575;246.3464518762753;22.44461611443871;73.30718645782098;72.55654426362986;113.5750500398455
267.7071499736867;2.776125561961985;26.43146257131929;45.61680077639635;258.7333066729618;58.8202861622493;180.6326282202602;108.699104856382;152.557838573327;88.80183887974154;418.8631567439085;17.27997469687164;124.6449959448343;55.86047096509878;193.1125950243384
227.3342488329773;2.05285629176876;22.4449213664759;33.72963924751924;219.7136688273009;43.49178776577818;153.3906279619816;80.37203853227051;129.5511280979718;65.66055193749901;355.6938270705883;12.7766304331264;105.8472195199716;41.30330767161417;163.9885167800621
185.1871611085219;5.140585106994413;18.28436982654467;84.4778594690313;178.9800435584592;108.9278142675345;124.9529518944935;201.2990966519431;105.5326016643574;164.4511759736765;289.7494890307476;32.00046479597629;86.22285965556959;103.4481355039649;133.5856283790665
308.0431640119973;2.622905990977761;30.41326001462336;43.10331611536191;297.7173932214543;55.57919943845358;207.8487353712377;102.7105625800956;175.5447033534462;83.9094051829948;481.9738495433327;16.32741458182663;143.4245618275743;52.78339712005356;222.2090432869664
104.402432490718;3.670337403849187;10.3086623541075;60.30774227547401;100.9026267077895;77.76265595657678;70.44473391914639;143.7042955148604;59.49610094754573;117.3998666895293;163.3517450321583;22.8448455810145;48.61028006925221;73.85051879505356;75.31126698636132
293.6161920802624;1.383127986473445;28.98924608119075;22.71904996834024;283.7730358163346;29.29394779722155;198.1136809630113;54.13483588795081;167.3227158258557;44.22579608836944;459.3997762290745;8.605870419907529;136.7071257681887;27.82018340361505;211.8014917305466
74.81271500439219;3.65440297395774;7.386327589618642;60.05397157214259;72.30526290670166;77.43474128543282;50.47923455404554;143.0990090109463;42.63329216759904;116.904749944788;117.0546918005595;22.74822240478294;34.83273121190882;73.53917375650049;53.96735530719543
223.5164965253387;1.711153280468135;22.06797291341874;28.11591988241039;216.0235906412966;36.2534612543484;150.81471954516;66.99650734722862;127.3752305605724;54.7333000925827;349.7202075483231;10.65078201080378;104.0690755208766;34.42956591566733;161.235278947933
199.2491072672905;4.475487284932711;19.6723347012941;73.55018090817215;192.5709838030551;94.83915433683798;134.441194486951;175.2610894913058;113.5465463825364;143.1798340134361;311.7522934218093;27.8608630716547;92.77028931114161;90.06728167885056;143.730042536486
46.56429366169153;4.096942475487666;4.597607019485957;67.32752717782682;45.00361155832347;86.8148500776022;31.41879387631748;160.4339988409105;26.5358113761367;131.0656627534033;72.85649516672079;25.50360482252841;21.68072845311358;82.44725170248877;33.5897811911321
70.48847809526355;3.805753361186148;6.960036551117218;62.54876127596371;68.12493961335785;80.65319188732913;47.56143270676522;149.0462728507602;40.16916798165951;121.7629812372306;110.2879703047736;23.69380588791448;32.81907157189719;76.59588725497973;50.84666685994564
62.41656500421783;1.559112033638093;6.162825380613166;25.61096474151445;60.32457109230633;33.02364683020611;42.11504790095763;61.02759581776157;35.56939864138561;49.8558364294921;97.65929223328008;9.701882655078281;29.0616243977267;31.36206488496931;45.0249653325702
84.98837270614241;1.926179376578479;8.391153330968724;31.6455963523706;82.13982018142968;40.80557488781277;57.34519707907845;75.40803078156691;48.43207862564536;61.60477999045174;132.9752659682581;11.98764785753338;39.57110604492214;38.75219034683216;61.30663748377457
10.05678675179349;5.011208475807507;0.9928156001230448;82.35860034321811;9.718822883707228;106.1959893797608;6.785231965792585;196.2489870659217;5.730730281133068;160.3260782297301;15.73404434357251;31.19712986184921;4.682827369228243;100.8535038162987;7.254235568656033
104.9658047608196;4.927579270967883;10.3634142188798;80.9826500030735;101.4478614368153;104.4208796928146;70.82504493630309;192.9698615174411;59.81749924703201;157.6463354143332;164.2333517917634;30.67593230067164;48.87275044704363;99.16806825916301;75.71754193345747
46.10781627329474;2.501422357314328;4.552421058325693;41.10988311381568;44.56268554455691;53.00902904147737;31.11068698380702;97.95952383829299;26.27584887548527;80.02786693369332;72.14175637456478;15.57244223441338;21.46801240105092;50.34228989807009;33.26021194621572
33.85290095806121;4.802440092079712;3.342544998934637;78.92466792939953;32.71847945187467;101.7688783605197;22.84185581372894;188.0669879289213;19.291601696834;153.6414171730085;52.96725237011108;29.89662694833888;15.76212701549952;96.64819940502207;24.42024598317839
104.1609882951968;2.193308976990396;10.28447996199625;36.03160143327788;100.6697103970264;46.46101199302998;70.28200628867573;85.85909015785414;59.35786217246558;70.14267057116385;162.9735531602753;13.64875075211154;48.49747602732574;44.12311637912809;75.13691471511696
170.289004860034;3.108836975305108;16.81318873202122;51.07943346511063;164.5807933638172;65.86381411338846;114.900463425116;121.7162021494111;97.04276005936458;99.43565139618754;266.439669436557;19.34946430916156;79.28640864584513;62.54991019258985;122.8390841555663
253.7613618362401;3.733428732012586;25.05481895779172;61.36055092663656;245.2546985753292;79.12091633860612;171.2226623288465;146.2142008847816;144.6103021845673;119.4497863662588;397.0422376920463;23.24319529059714;118.1510884695962;75.14002566405475;183.0519563112963
160.8918143935637;2.222405054939977;15.88575754021748;36.51744795072817;155.4983242794244;47.08662872154301;108.559395172402;87.01595598796068;91.6876317335437;71.0870851608463;251.7359653075907;13.83285758443284;74.91113895929956;44.71766776761139;116.06056545033
276.453012822236;4.083243515898553;27.29501730459227;67.1051112875341;267.1855668004549;86.52772420730277;186.5333016072774;159.9028856286272;157.541268987576;130.6326577896796;432.5466232659639;25.42000182815505;128.7164714320394;82.17466702270674;199.4202708051296
64.08088001387995;3.329645538790198;6.326749283775059;54.71362056442219;61.93351564449166;70.54878055583185;43.23842674974257;130.3742932343511;36.51768378209133;106.5086257154982;100.2632912600927;20.72572234268166;29.83649117506178;67.00044834334035;46.22497885875969
31.60244893997532;1.967232470115804;3.120359780834078;32.32269651985421;30.54395703649087;41.67903290831;21.32361171872731;77.02106412575702;18.009253551062;62.92309679753897;49.4463571958753;12.24405516512546;14.71418402227241;39.58172467437743;22.79713259554271
123.0385656512706;2.806168441962244;12.14791111414686;46.11191425355604;118.9142995208891;59.45881570325961;83.01922113673122;109.878743630759;70.11602351438282;89.76547772713958;192.5097995137399;17.46742614262939;57.28703561921512;56.46751615524062;88.75476297379859
103.2558198227069;4.845625913942119;10.19538578026059;79.62777462176132;99.79457014296368;102.6755587173209;69.67067195478558;189.7427960137609;58.84220885266934;155.0103869125012;161.5568283731188;30.16277679430838;48.07645817070144;97.50953586026043;74.48415331106915
131.7791147770011;4.685327150068562;13.01081823583633;77.00089715811765;127.3623437559835;99.28744263807391;88.91730500328092;183.4827484000476;75.09722828986527;149.8968220191803;206.1863654579599;29.16784904322651;61.35690725310354;94.2927699294314;95.05969797205903
51.0737853165989;4.682152028838762;5.043113491892333;76.94669980522613;49.36202260294022;99.21809027265856;34.46140943156202;183.3536324710374;29.10509993762761;149.7902428167913;79.91165628933744;29.14693005906087;23.78021408973663;94.22641884083448;36.8423750500326
118.3058841905165;2.327058703653747;11.68084436736677;38.24675884769274;114.340428907935;49.31654296875992;79.82631382814006;91.13586262862533;67.41911333992383;74.45296367481183;185.1058195551339;14.48826094261293;55.08354505326331;46.83512455439516;85.34100152456105
22.52939834012058;3.5468330779745;2.224512164704593;58.2802373132292;21.77466760025258;75.14875215959937;15.20166825495395;138.8737387079175;12.83907035715717;113.4526490808316;35.25076643417074;22.07636045114378;10.49038394832752;71.36759648394859;16.2522527348122
273.0695947496197;4.382460133420156;26.96042472665636;72.01335511200948;263.9167897921654;92.85771287984899;184.2507459672183;171.5990652081499;155.6145026722413;140.1877843233706;427.25320611288;27.27918871561856;127.1412050549244;88.18563015776145;196.9801544750163
234.2610315171209;2.424931545918969;23.1292871622244;39.85480713671434;226.4092139308437;51.38982693046579;158.0649163650464;94.9680314417034;133.4979347151842;77.58395067190389;366.5322616567184;15.09662696945651;109.0723652795235;48.80458329093172;168.9858436819265
45.77104083857643;4.840557571715649;4.519637947823363;79.54609933119737;44.23645917701228;102.5691773457132;30.88286114809774;189.5467385587968;26.08309446005669;154.8501079028107;71.61429953557003;30.13161489229786;21.31102434009624;97.40882275464038;33.01676410402955
252.2327932287249;4.387525991123824;24.90354532570679;72.10398636082665;243.7774642825856;92.97280378257676;170.191009380615;171.8133014631099;143.7394100665758;140.3629029116672;394.6511549954474;27.31315106393005;117.4398391242124;88.29516380752729;181.9497069729816
303.8002699799305;1.883894500994097;29.99434017425466;30.96237889185265;293.6162739446876;39.92343325684544;204.9861317421247;73.77762230945162;173.1266810007746;60.27315408324316;475.3350563444412;11.72864068673028;141.448910214479;37.91538641026414;219.148455020602
205.4020359881134;2.154299373989514;20.2801288277898;35.40622862242345;198.517336363108;45.6539504012488;138.5924442746796;84.36767143258983;117.0521373075741;68.92408757594458;321.378498319792;13.41192474905962;95.63545966478158;43.35734418233972;148.1677928857945
144.9575875316028;4.333845148758529;14.3122522669345;71.22637507268655;140.09860633766;91.84128061213653;97.80841535345859;169.7231902441476;82.60717720627518;138.6546416342603;226.8050223126922;26.98010298089128;67.49281650677231;87.221404481828;104.5665274549141
280.0840248225812;5.126052752518268;27.65372822634931;84.23604710284935;270.6954459772803;108.6167161592108;188.9829414681008;200.7221503343732;159.6111166134541;163.980153081729;438.2278781937351;31.90856127777288;130.4074340265264;103.1523040496437;202.0397965028413
146.0515344326726;2.865694459153818;14.41989498823286;47.09056388371212;141.1557275044894;60.72000660491226;98.54604999919329;112.2099091937148;83.23004606968379;91.66989476429741;228.516512882301;17.83794196443112;68.00181113694103;57.66503664932215;105.3549381345144
50.6624435040224;4.970552809212128;5.002719870734605;81.68489457771769;48.96490869203706;105.3273328769369;34.18462655023582;194.6432017184304;28.87160031386543;159.0132423018776;79.26863430356674;30.94213699696899;23.58852424823396;100.0279009199276;36.54662622166882
183.7978025475073;2.572842646275841;18.14638769747063;42.28602387960942;177.6367851645526;54.52439405681812;124.0152002254086;100.761833263882;104.7409078495908;82.31668625827974;287.5752436120113;16.01787357717071;85.57583248387334;51.78160663721967;132.5836960911938
21.13567577716294;5.073951821837436;2.08769223577448;83.3850151083833;20.42740309745606;107.5200224676391;14.26137411987366;198.6964494701963;12.04534206226669;162.32456667891;33.06989549364823;31.5862971509347;9.84063005996774;102.110326696279;15.24679029034899
265.3355476400959;4.981020510401675;26.19719156573613;81.8528190202256;256.4419348288495;105.5438705682699;179.0319590669144;195.0438387172142;151.2063126194112;159.3411560626019;415.1523677263658;31.00584787288423;123.5410041792208;100.2338140243494;191.4018112895705
37.03656191328461;2.765801513294307;3.657419572457146;45.45097839366311;35.79591087678956;58.60618850931128;24.9899519605657;108.3035337365037;21.10640593469078;88.47858021703755;57.94843059970152;17.21652487696628;17.24428251335533;55.6578246488106;26.71694927825234
29.33410062558054;3.534297264507678;2.896739127189187;58.07230266395155;28.35027229706582;74.88092814332241;19.79322567216996;138.3796412772401;16.71647528309955;113.0483811433547;45.89638317177576;21.99782253037359;13.65832352057785;71.11367773687512;21.16043842271116
108.9455817270058;3.882807879210346;10.75705268753993;63.80936400237621;105.2937435601761;82.27859061781719;73.51057815072825;152.0498075045379;62.08490144833267;124.2163229243467;170.4604432221886;24.17131553875713;50.72536607144094;78.13864078796122;78.58857385536452
132.8179667784199;2.567337014291069;13.11394560393506;42.18296408292969;128.3657647489185;54.39145915834051;89.61736255459105;100.5152875530523;75.68913578292606;82.1157087198589;207.8099666749243;15.97913285019754;61.83962310425372;51.65578120221372;95.80844449389281
18.81182262430448;3.311425950097373;1.857770611258122;54.41423897660181;18.181798773915;70.16406866346291;12.69355377110887;129.6628287048958;10.72063402872406;105.9271850950364;29.43382258051984;20.61186946131642;8.759238696349257;66.63446744810689;13.57010574506432
292.5405977885315;2.846978511337099;28.88347415845091;46.77605859174834;282.7340550486886;60.31419478582471;197.3878929955198;111.4604849329783;166.7100985054441;91.05799384736981;457.7177167825665;17.719048511622;136.2072001970994;57.28043859296874;211.0259852949748
137.5257333754476;4.179988134408298;13.57888908103238;68.69229921254137;132.9155867771553;88.57462906024151;92.79372317202302;163.68491812792;78.37110275028991;133.7213535933126;215.1764220554869;26.02102372193323;64.0316621208092;84.11810873072218;99.20447432917615
264.5232298187832;3.561301211779026;26.11649170047743;58.51905477846122;255.6562378218138;75.45660671236134;178.483662042829;139.4437851539867;150.742910124447;113.9180602065585;413.8800859686758;22.16719793940369;123.1618781372938;71.66110379892822;190.815193046772
254.3670260717684;3.387479624227084;25.1144951121013;55.67519530448662;245.8404795577993;71.78871080527674;171.6314261040158;132.665324638134;144.9563520994224;108.3807165070513;397.9912278706382;21.08951092876518;118.4337958758652;68.17737136305765;183.4891455791964
50.87629771552478;4.536137365000147;5.02334317873654;74.54665377827341;49.17046286325317;96.12249987895859;34.32813094437212;177.6343027409902;28.99329362572733;145.1174618234741;79.60140595629034;28.2376229367933;23.68771312853149;91.28651022165361;36.70026977031622
260.7896746211866;2.378999359935534;25.74867512087267;39.08727034914031;252.0474678837061;50.40118989983325;175.9651260899088;93.14054241404786;148.6158817348499;76.09106839857644;408.0387580706884;14.80640124296034;121.4235874936842;47.86596594400552;188.1216725718565
61.43258196158977;2.285351940744017;6.065906130858129;37.55651149638764;59.37350082946239;48.4270636131002;41.4505264898735;89.49251382102807;35.0081851017825;73.11091833780758;96.11932836975311;14.22652214015912;28.6027783340235;45.99112918296928;44.31472030109659
263.9353692691277;3.915898590202796;26.0584328147026;64.35004829092344;255.0877988422509;82.97521777247118;178.0873355080227;153.3372320056193;150.4088603851489;125.2680065623289;412.9613797726045;24.37606419528973;122.8882698362598;78.80026596637738;190.3915317703624
143.4585123829507;3.352837626787977;14.16444175332985;55.09320434273506;138.6493186641524;71.03824135072037;96.79671488728002;131.2780804773569;81.7528333416537;107.2477680613588;224.4592415116387;20.86887767831662;66.79449259167033;67.46441512640965;103.4847475392795
137.2465233594231;2.815970122235596;13.55111519570289;46.26830420046852;132.6462742686178;59.65998572055586;92.60582775234808;110.2511748158783;78.21218699870769;90.06995194340718;214.7402183746889;17.52698592438869;63.9024325793641;56.65883051413117;99.00361258186616
304.4431513735162;1.623406558673133;30.05781793388145;26.67205218331776;294.2379422243452;34.39077792531081;205.4198396393881;63.55459999489159;173.4922648423489;51.92066517196833;476.3410874372416;10.10292350074314;141.7491907043863;32.66089747922505;219.6122928088797
226.6383611764304;2.822131830164444;22.37679560420249;46.3689254718246;219.0412398021629;59.79037161179814;152.9219414403013;110.492209794712;129.154412674962;90.26614329118675;354.6049837008181;17.56516893503765;105.5229879485917;56.78195022104364;163.4866977480692
99.62679806863295;4.998323029298075;9.836745863924669;82.13553766283684;96.2870397552085;105.9084562614486;67.22202224971439;195.7187299842279;56.77459061707037;159.8918321624457;155.8792459535302;31.11302514914357;46.38683534549978;100.5802492428285;71.86644482996837
158.0397177925983;4.604863296525606;15.60403215106482;75.66740234747392;152.7423422236856;97.56874552391713;106.6353158187415;180.3061767449045;90.06241905280633;147.3008016615517;247.2732222293072;28.66238080626502;73.58297776162019;92.6602303672985;114.0023870859536
278.4284131198305;4.235304937367444;27.48943991253691;69.59908198016504;269.0956251649861;89.7440582201192;187.8669253523897;165.8456236960383;158.6677824576979;135.4869305383995;435.6376594075815;26.36448388036419;129.6368319918211;85.22920835477989;200.845977733433
26.6958233061037;2.388486938180864;2.636061008858047;39.25314740328856;25.80012649390309;50.61394667385902;18.01235766783195;93.53375732530047;15.21349361676869;76.41250221989748;41.76785873422146;14.86890858030566;12.42956203504835;48.06759012345036;19.25663215014715
14.33085343726594;1.931589364672339;1.415286973697151;31.74118510716521;13.85018216418314;40.92783386640001;9.669397824900337;75.63359329166171;8.167275406084931;61.78856740161157;22.42217898460375;12.02307976060263;6.6730661855424;38.86816213784486;10.33786261035402
262.2163417981436;1.322811982368406;25.88905324424347;21.73504085993581;253.4268409742777;28.02538597634594;176.9279129103922;51.79097344291839;149.4293843854511;42.31020863271118;410.2711810231808;8.23349721280395;122.0880722447135;26.61604363062711;189.1517800561382
313.3671319802717;4.277495806226007;30.93940462903274;70.2894610931841;302.8628837887059;90.63372029359633;211.4403629178381;167.4890858393926;178.5777252892908;136.8302771739765;490.3038379163787;26.62554908616708;145.9039148241318;86.07340120828387;226.0489047530648
171.0092694845906;2.446498907973857;16.88453417529557;40.19816500845536;165.2768977005882;51.83321657082118;115.3866834331294;95.78685020079536;97.45279879019762;78.25260782970307;267.5664303435581;15.22709271531717;79.62211293226535;49.22530666961938;123.3590269497794
299.0589526584595;2.559955902367166;29.52657305022734;42.05832112548158;289.0337154557437;54.23199881738763;201.7867821468784;100.2197782919399;170.4239773863145;81.87424372423507;467.9165388062748;15.93237648890294;139.2416123200052;51.50321372772897;215.7282258359361
142.1255790215627;3.575269301747152;14.03289711052863;58.75191243451934;137.3608852809019;75.7567080810538;95.89747548394725;139.9969074995751;80.9927504191819;114.3703513872296;222.3734058815597;22.25525614382917;66.17336004936006;71.94476377682268;102.5230795341565
122.1770442223096;4.714845366292808;12.06302089774903;77.48347027108062;118.0814712595997;99.91083051866673;82.4378011652322;184.6337469698823;69.62518964361711;150.8365290476469;191.161803981511;29.35115397290916;56.88564609436844;94.88445162349046;88.13323825384747
276.5571562600865;3.942019770243548;27.30501026791576;64.78712003085056;267.2868045410997;83.53844122092563;186.6042609286947;154.3792122989663;157.6018358014096;126.1202845324168;432.7105521873927;24.54098079440899;128.7652096531974;79.33578770516245;199.4965756741897
116.4219799951444;3.271318417797585;11.49509598974822;53.75570317755651;112.5188546506351;69.31533297187556;78.55475861975783;128.0931631565099;66.34530100896839;104.6462384135896;182.1567898478648;20.36285890064408;54.20607381758747;65.82754933366515;83.98161549363988
64.98033018408221;5.0351636000574;6.415900479372701;82.74636964883909;62.80260689854755;106.6962906352635;43.84551293786283;197.1737140032156;37.0310731157095;161.0805690700609;101.6706555352829;31.34446304104093;30.25523002389528;101.3286060293617;46.87429577674722
289.0837186760918;4.870965124019951;28.54183599256867;80.05001150621096;279.3932948529866;103.2192011693641;195.0557102190489;190.7487488851965;164.7392210851433;155.8318166554871;452.3092517260518;30.32279286605875;134.5969070505865;98.02674821612243;208.5326224459559
225.0848270683427;5.058903310327088;22.22270748392611;83.13999750366521;217.5396099487346;107.2038401420012;151.8728664099221;198.1115501069172;128.2688473716287;161.8462072230029;352.1743325641834;31.49343781019878;104.7999048918183;101.8103801451954;162.3659138138632
126.6473120117444;1.446558429519446;12.50411486191912;23.75998118966733;122.4018604165852;30.63664296822655;85.45404570909913;56.6161173552762;72.17237970326175;46.25282514507207;198.1558993335035;9.000929998548166;58.96673324796299;29.09572650313419;91.35775550661332
121.3978732049938;2.321991573883868;11.98652728922082;38.16041999758452;117.3286457515553;49.20473772473095;81.91212931850217;90.9296431020165;69.18045125944562;74.28507692508883;189.9426061944758;14.45484642250453;56.52335742942684;46.7294573979956;87.57083707416469
21.57110908185337;2.370164602438751;2.130186723682243;38.9501899720775;20.84832175456812;50.22299582343741;14.55509939966233;92.81195987470677;12.29292988731492;75.82253384061045;33.75103498591898;14.75420896867638;10.04428371838042;47.69675302671119;15.5614033541994
89.63597962542124;5.116676402769744;8.850327443163676;84.07976427237038;86.63057871766459;108.4158318117912;60.48109746494604;200.3513142731973;51.08051212364984;163.6771724362546;140.2460776896503;31.84917771126156;41.7349111193369;102.96185310191;64.65898434611549
134.8240048619458;4.971745282242487;13.31118659546248;81.70598472336884;130.305070539765;105.3542604462602;90.97113054002529;194.6943820071983;76.83228105663463;159.0552422648032;210.9498846262209;30.95019422466821;62.77462376491929;100.0543191881122;97.25599676620241
88.84087034060106;1.677592051899353;8.771967601863144;27.56162140534635;85.86281312153318;35.53863774461223;59.94464989824881;65.67491385775563;50.62810670874445;53.65327369481575;139.0022502884565;10.43994016679236;41.36447206274079;33.75064443856296;64.08604118040202
46.90173711373043;4.782861898737952;4.630764063864333;78.59483356243059;45.3295024089751;101.3432438063438;31.64675994987602;187.2810890416723;26.72845809075888;152.9988304192999;73.38432117617397;29.7716833325307;21.83733312371115;96.24421570854614;33.83279442536545
177.7486867091085;2.490267844206229;17.55009953021432;40.92407642567483;171.7905158344577;52.76894753466745;119.9337644094606;97.51533460198854;101.2939339639259;79.66533001777034;278.111809833455;15.50178476264454;82.76013323501454;50.11368273754062;128.2205967767183
265.5923396506494;3.821443523802478;26.22284454698015;62.80478968564613;256.6895833107619;80.98259181581052;179.2053105494306;149.654616373338;151.3527124472494;122.2596759025507;415.5536000844802;23.78987707646335;123.6598366171841;76.90757753530804;191.5867829088205
5.789031819776872;4.961397133407116;0.5722081444814517;81.5313863275433;5.595305818479927;105.1303875505874;3.906428841530539;194.2795477715451;3.299194116080313;158.7167752688904;9.057513576595531;30.88397613034968;2.695901889217062;99.84110044845569;4.175757056310513
242.9682102377052;4.937029240116243;23.98837182977085;81.1418429338881;234.8237282743319;104.626792490509;163.940516162376;193.3493613974855;138.4597700397421;157.9565463679644;380.1554847888986;30.73591390782147;113.1256499587994;99.36352209582485;175.2663645550728
278.69371819168;1.446854740379758;27.51627868295857;23.76738950855412;269.351944211825;30.64675900246075;188.0454439878931;56.63362504224403;158.8187901355494;46.26725094049004;436.0530434724505;9.003052556709166;129.7602253866977;29.10469090616805;201.0371442571564
72.06319453319752;4.122968764706449;7.115371583340865;67.75321868826927;69.64698148485157;87.36440305418141;48.62317035632806;161.4478823396329;41.06650140281165;131.8942734546856;112.7512574423362;25.66481882244179;33.55236466845845;82.9688644554096;51.98320179110036
66.80195751407197;3.170000313569679;6.596007462618978;52.09376496858803;64.56266833073205;67.17171391864086;45.07444369669923;124.132114664939;38.06831054553977;101.4093300947647;104.5211127121502;19.73330859045222;31.10310076303938;63.79207490385532;48.18859631675209
